path,label
./data/training/n0/n0018.jpg,n0
./data/training/n0/n0019.jpg,n0
./data/training/n0/n0020.jpg,n0
./data/training/n0/n0021.jpg,n0
./data/training/n0/n0022.jpg,n0
./data/training/n0/n0023.jpg,n0
./data/training/n0/n0024.jpg,n0
./data/training/n0/n0025.jpg,n0
./data/training/n0/n0026.jpg,n0
./data/training/n0/n0027.jpg,n0
./data/training/n0/n0028.jpg,n0
./data/training/n0/n0029.jpg,n0
./data/training/n0/n0030.jpg,n0
./data/training/n0/n0031.jpg,n0
./data/training/n0/n0032.jpg,n0
./data/training/n0/n0033.jpg,n0
./data/training/n0/n0034.jpg,n0
./data/training/n0/n0035.jpg,n0
./data/training/n0/n0036.jpg,n0
./data/training/n0/n0037.jpg,n0
./data/training/n0/n0038.jpg,n0
./data/training/n0/n0039.jpg,n0
./data/training/n0/n0040.jpg,n0
./data/training/n0/n0041.jpg,n0
./data/training/n0/n0042.jpg,n0
./data/training/n0/n0043.jpg,n0
./data/training/n0/n0044.jpg,n0
./data/training/n0/n0045.jpg,n0
./data/training/n0/n0046.jpg,n0
./data/training/n0/n0047.jpg,n0
./data/training/n0/n0048.jpg,n0
./data/training/n0/n0049.jpg,n0
./data/training/n0/n0050.jpg,n0
./data/training/n0/n0051.jpg,n0
./data/training/n0/n0052.jpg,n0
./data/training/n0/n0053.jpg,n0
./data/training/n0/n0110.jpg,n0
./data/training/n0/n0111.jpg,n0
./data/training/n0/n0112.jpg,n0
./data/training/n0/n0113.jpg,n0
./data/training/n0/n0114.jpg,n0
./data/training/n0/n0115.jpg,n0
./data/training/n0/n0116.jpg,n0
./data/training/n0/n0117.jpg,n0
./data/training/n0/n0118.jpg,n0
./data/training/n0/n0119.jpg,n0
./data/training/n0/n0120.jpg,n0
./data/training/n0/n0121.jpg,n0
./data/training/n0/n0122.jpg,n0
./data/training/n0/n0123.jpg,n0
./data/training/n0/n0124.jpg,n0
./data/training/n0/n0125.jpg,n0
./data/training/n0/n0126.jpg,n0
./data/training/n0/n0127.jpg,n0
./data/training/n0/n0128.jpg,n0
./data/training/n0/n0129.jpg,n0
./data/training/n0/n0130.jpg,n0
./data/training/n0/n0131.jpg,n0
./data/training/n0/n0132.jpg,n0
./data/training/n0/n0133.jpg,n0
./data/training/n0/n0134.jpg,n0
./data/training/n0/n0135.jpg,n0
./data/training/n0/n0136.jpg,n0
./data/training/n0/n0137.jpg,n0
./data/training/n0/n0138.jpg,n0
./data/training/n0/n0139.jpg,n0
./data/training/n0/n0140.jpg,n0
./data/training/n0/n0141.jpg,n0
./data/training/n0/n0142.jpg,n0
./data/training/n0/n0143.jpg,n0
./data/training/n0/n0144.jpg,n0
./data/training/n0/n0145.jpg,n0
./data/training/n0/n0146.jpg,n0
./data/training/n0/n0147.jpg,n0
./data/training/n0/n0148.jpg,n0
./data/training/n0/n0149.jpg,n0
./data/training/n0/n0150.jpg,n0
./data/training/n0/n0151.jpg,n0
./data/training/n0/n0152.jpg,n0
./data/training/n0/n0153.jpg,n0
./data/training/n0/n0154.jpg,n0
./data/training/n0/n0155.jpg,n0
./data/training/n0/n0156.jpg,n0
./data/training/n0/n0157.jpg,n0
./data/training/n0/n0158.jpg,n0
./data/training/n0/n0159.jpg,n0
./data/training/n0/n0160.jpg,n0
./data/training/n0/n0161.jpg,n0
./data/training/n0/n0162.jpg,n0
./data/training/n0/n0163.jpg,n0
./data/training/n0/n0164.jpg,n0
./data/training/n0/n0165.jpg,n0
./data/training/n0/n0166.jpg,n0
./data/training/n0/n0167.jpg,n0
./data/training/n0/n0168.jpg,n0
./data/training/n0/n0169.jpg,n0
./data/training/n0/n0170.jpg,n0
./data/training/n0/n0171.jpg,n0
./data/training/n0/n0172.jpg,n0
./data/training/n0/n0173.jpg,n0
./data/training/n0/n0174.jpg,n0
./data/training/n0/n0175.jpg,n0
./data/training/n0/n0176.jpg,n0
./data/training/n0/n018.jpg,n0
./data/training/n0/n019.jpg,n0
./data/training/n1/n1017.jpg,n1
./data/training/n1/n1018.jpg,n1
./data/training/n1/n1019.jpg,n1
./data/training/n1/n1021.jpg,n1
./data/training/n1/n1022.jpg,n1
./data/training/n1/n1023.jpg,n1
./data/training/n1/n1024.jpg,n1
./data/training/n1/n1025.jpg,n1
./data/training/n1/n1026.jpg,n1
./data/training/n1/n1027.jpg,n1
./data/training/n1/n1028.jpg,n1
./data/training/n1/n1029.jpg,n1
./data/training/n1/n1030.jpg,n1
./data/training/n1/n1031.jpg,n1
./data/training/n1/n1032.jpg,n1
./data/training/n1/n1033.jpg,n1
./data/training/n1/n1034.jpg,n1
./data/training/n1/n1035.jpg,n1
./data/training/n1/n1036.jpg,n1
./data/training/n1/n1037.jpg,n1
./data/training/n1/n1038.jpg,n1
./data/training/n1/n1039.jpg,n1
./data/training/n1/n1040.jpg,n1
./data/training/n1/n1041.jpg,n1
./data/training/n1/n1042.jpg,n1
./data/training/n1/n1043.jpg,n1
./data/training/n1/n1044.jpg,n1
./data/training/n1/n1045.jpg,n1
./data/training/n1/n1046.jpg,n1
./data/training/n1/n1047.jpg,n1
./data/training/n1/n1048.jpg,n1
./data/training/n1/n1049.jpg,n1
./data/training/n1/n1050.jpg,n1
./data/training/n1/n1051.jpg,n1
./data/training/n1/n1052.jpg,n1
./data/training/n1/n1053.jpg,n1
./data/training/n1/n1054.jpg,n1
./data/training/n1/n1055.jpg,n1
./data/training/n1/n1056.jpg,n1
./data/training/n1/n1057.jpg,n1
./data/training/n1/n1058.jpg,n1
./data/training/n1/n1059.jpg,n1
./data/training/n1/n1060.jpg,n1
./data/training/n1/n1061.jpg,n1
./data/training/n1/n1062.jpg,n1
./data/training/n1/n1063.jpg,n1
./data/training/n1/n1064.jpg,n1
./data/training/n1/n1065.jpg,n1
./data/training/n1/n1066.jpg,n1
./data/training/n1/n1067.jpg,n1
./data/training/n1/n1068.jpg,n1
./data/training/n1/n1069.jpg,n1
./data/training/n1/n1070.jpg,n1
./data/training/n1/n1071.jpg,n1
./data/training/n1/n1072.jpg,n1
./data/training/n1/n1110.jpg,n1
./data/training/n1/n1111.jpg,n1
./data/training/n1/n1112.jpg,n1
./data/training/n1/n1113.jpg,n1
./data/training/n1/n1114.jpg,n1
./data/training/n1/n1115.jpg,n1
./data/training/n1/n1116.jpg,n1
./data/training/n1/n1117.jpg,n1
./data/training/n1/n1118.jpg,n1
./data/training/n1/n1119.jpg,n1
./data/training/n1/n1120.jpg,n1
./data/training/n1/n1121.jpg,n1
./data/training/n1/n1122.jpg,n1
./data/training/n1/n1123.jpg,n1
./data/training/n1/n1124.jpg,n1
./data/training/n1/n1125.jpg,n1
./data/training/n1/n1126.jpg,n1
./data/training/n1/n1127.jpg,n1
./data/training/n1/n1128.jpg,n1
./data/training/n1/n1129.jpg,n1
./data/training/n1/n1130.jpg,n1
./data/training/n1/n1131.jpg,n1
./data/training/n1/n1132.jpg,n1
./data/training/n1/n1133.jpg,n1
./data/training/n1/n1134.jpg,n1
./data/training/n1/n1135.jpg,n1
./data/training/n1/n1136.jpg,n1
./data/training/n1/n1137.jpg,n1
./data/training/n1/n1138.jpg,n1
./data/training/n1/n1139.jpg,n1
./data/training/n1/n1140.jpg,n1
./data/training/n1/n1141.jpg,n1
./data/training/n1/n1142.jpg,n1
./data/training/n1/n1143.jpg,n1
./data/training/n1/n1144.jpg,n1
./data/training/n1/n1145.jpg,n1
./data/training/n1/n1146.jpg,n1
./data/training/n1/n1147.jpg,n1
./data/training/n1/n1148.jpg,n1
./data/training/n1/n1149.jpg,n1
./data/training/n1/n1150.jpg,n1
./data/training/n1/n1151.jpg,n1
./data/training/n1/n1152.jpg,n1
./data/training/n1/n1153.jpg,n1
./data/training/n1/n1154.jpg,n1
./data/training/n1/n1155.jpg,n1
./data/training/n1/n1156.jpg,n1
./data/training/n1/n1157.jpg,n1
./data/training/n1/n1158.jpg,n1
./data/training/n1/n1159.jpg,n1
./data/training/n1/n1160.jpg,n1
./data/training/n1/n1161.jpg,n1
./data/training/n1/n1162.jpg,n1
./data/training/n1/n1163.jpg,n1
./data/training/n1/n1164.jpg,n1
./data/training/n1/n1165.jpg,n1
./data/training/n2/n2017.jpg,n2
./data/training/n2/n2018.jpg,n2
./data/training/n2/n2019.jpg,n2
./data/training/n2/n2020.jpg,n2
./data/training/n2/n2021.jpg,n2
./data/training/n2/n2022.jpg,n2
./data/training/n2/n2023.jpg,n2
./data/training/n2/n2024.jpg,n2
./data/training/n2/n2025.jpg,n2
./data/training/n2/n2026.jpg,n2
./data/training/n2/n2027.jpg,n2
./data/training/n2/n2028.jpg,n2
./data/training/n2/n2029.jpg,n2
./data/training/n2/n2030.jpg,n2
./data/training/n2/n2031.jpg,n2
./data/training/n2/n2032.jpg,n2
./data/training/n2/n2033.jpg,n2
./data/training/n2/n2034.jpg,n2
./data/training/n2/n2035.jpg,n2
./data/training/n2/n2036.jpg,n2
./data/training/n2/n2037.jpg,n2
./data/training/n2/n2038.jpg,n2
./data/training/n2/n2039.jpg,n2
./data/training/n2/n2040.jpg,n2
./data/training/n2/n2041.jpg,n2
./data/training/n2/n2042.jpg,n2
./data/training/n2/n2043.jpg,n2
./data/training/n2/n2044.jpg,n2
./data/training/n2/n2045.jpg,n2
./data/training/n2/n2046.jpg,n2
./data/training/n2/n2047.jpg,n2
./data/training/n2/n2048.jpg,n2
./data/training/n2/n2049.jpg,n2
./data/training/n2/n2050.jpg,n2
./data/training/n2/n2051.jpg,n2
./data/training/n2/n2052.jpg,n2
./data/training/n2/n2053.jpg,n2
./data/training/n2/n2054.jpg,n2
./data/training/n2/n2055.jpg,n2
./data/training/n2/n2056.jpg,n2
./data/training/n2/n2057.jpg,n2
./data/training/n2/n2058.jpg,n2
./data/training/n2/n2059.jpg,n2
./data/training/n2/n2060.jpg,n2
./data/training/n2/n2061.jpg,n2
./data/training/n2/n2062.jpg,n2
./data/training/n2/n2063.jpg,n2
./data/training/n2/n2064.jpg,n2
./data/training/n2/n2065.jpg,n2
./data/training/n2/n2066.jpg,n2
./data/training/n2/n2067.jpg,n2
./data/training/n2/n2068.jpg,n2
./data/training/n2/n2069.jpg,n2
./data/training/n2/n2110.jpg,n2
./data/training/n2/n2111.jpg,n2
./data/training/n2/n2112.jpg,n2
./data/training/n2/n2113.jpg,n2
./data/training/n2/n2114.jpg,n2
./data/training/n2/n2115.jpg,n2
./data/training/n2/n2116.jpg,n2
./data/training/n2/n2117.jpg,n2
./data/training/n2/n2118.jpg,n2
./data/training/n2/n2119.jpg,n2
./data/training/n2/n2120.jpg,n2
./data/training/n2/n2121.jpg,n2
./data/training/n2/n2122.jpg,n2
./data/training/n2/n2123.jpg,n2
./data/training/n2/n2124.jpg,n2
./data/training/n2/n2125.jpg,n2
./data/training/n2/n2126.jpg,n2
./data/training/n2/n2127.jpg,n2
./data/training/n2/n2128.jpg,n2
./data/training/n2/n2129.jpg,n2
./data/training/n2/n2130.jpg,n2
./data/training/n2/n2131.jpg,n2
./data/training/n2/n2132.jpg,n2
./data/training/n2/n2133.jpg,n2
./data/training/n2/n2134.jpg,n2
./data/training/n2/n2135.jpg,n2
./data/training/n2/n2136.jpg,n2
./data/training/n2/n2137.jpg,n2
./data/training/n2/n2138.jpg,n2
./data/training/n2/n2139.jpg,n2
./data/training/n2/n2140.jpg,n2
./data/training/n2/n2141.jpg,n2
./data/training/n2/n2142.jpg,n2
./data/training/n2/n2143.jpg,n2
./data/training/n2/n2144.jpg,n2
./data/training/n2/n2145.jpg,n2
./data/training/n2/n2146.jpg,n2
./data/training/n2/n2147.jpg,n2
./data/training/n2/n2148.jpg,n2
./data/training/n2/n2149.jpg,n2
./data/training/n2/n2150.jpg,n2
./data/training/n2/n2151.jpg,n2
./data/training/n2/n2152.jpg,n2
./data/training/n2/n2153.jpg,n2
./data/training/n2/n2154.jpg,n2
./data/training/n2/n2155.jpg,n2
./data/training/n2/n2156.jpg,n2
./data/training/n2/n2157.jpg,n2
./data/training/n2/n2158.jpg,n2
./data/training/n2/n2159.jpg,n2
./data/training/n2/n2160.jpg,n2
./data/training/n2/n2161.jpg,n2
./data/training/n2/n2162.jpg,n2
./data/training/n2/n2163.jpg,n2
./data/training/n2/n2164.jpg,n2
./data/training/n2/n2165.jpg,n2
./data/training/n2/n2166.jpg,n2
./data/training/n3/n3020.jpg,n3
./data/training/n3/n3021.jpg,n3
./data/training/n3/n3022.jpg,n3
./data/training/n3/n3023.jpg,n3
./data/training/n3/n3024.jpg,n3
./data/training/n3/n3025.jpg,n3
./data/training/n3/n3026.jpg,n3
./data/training/n3/n3027.jpg,n3
./data/training/n3/n3028.jpg,n3
./data/training/n3/n3029.jpg,n3
./data/training/n3/n3030.jpg,n3
./data/training/n3/n3031.jpg,n3
./data/training/n3/n3032.jpg,n3
./data/training/n3/n3033.jpg,n3
./data/training/n3/n3034.jpg,n3
./data/training/n3/n3035.jpg,n3
./data/training/n3/n3036.jpg,n3
./data/training/n3/n3037.jpg,n3
./data/training/n3/n3038.jpg,n3
./data/training/n3/n3039.jpg,n3
./data/training/n3/n3040.jpg,n3
./data/training/n3/n3041.jpg,n3
./data/training/n3/n3042.jpg,n3
./data/training/n3/n3043.jpg,n3
./data/training/n3/n3044.jpg,n3
./data/training/n3/n3045.jpg,n3
./data/training/n3/n3046.jpg,n3
./data/training/n3/n3047.jpg,n3
./data/training/n3/n3048.jpg,n3
./data/training/n3/n3049.jpg,n3
./data/training/n3/n3050.jpg,n3
./data/training/n3/n3051.jpg,n3
./data/training/n3/n3052.jpg,n3
./data/training/n3/n3053.jpg,n3
./data/training/n3/n3054.jpg,n3
./data/training/n3/n3055.jpg,n3
./data/training/n3/n3056.jpg,n3
./data/training/n3/n3057.jpg,n3
./data/training/n3/n3058.jpg,n3
./data/training/n3/n3059.jpg,n3
./data/training/n3/n3060.jpg,n3
./data/training/n3/n3061.jpg,n3
./data/training/n3/n3062.jpg,n3
./data/training/n3/n3063.jpg,n3
./data/training/n3/n3064.jpg,n3
./data/training/n3/n3065.jpg,n3
./data/training/n3/n3066.jpg,n3
./data/training/n3/n3067.jpg,n3
./data/training/n3/n3068.jpg,n3
./data/training/n3/n3069.jpg,n3
./data/training/n3/n3070.jpg,n3
./data/training/n3/n3071.jpg,n3
./data/training/n3/n3072.jpg,n3
./data/training/n3/n3073.jpg,n3
./data/training/n3/n3074.jpg,n3
./data/training/n3/n3075.jpg,n3
./data/training/n3/n3076.jpg,n3
./data/training/n3/n3077.jpg,n3
./data/training/n3/n3078.jpg,n3
./data/training/n3/n3110.jpg,n3
./data/training/n3/n3111.jpg,n3
./data/training/n3/n3112.jpg,n3
./data/training/n3/n3113.jpg,n3
./data/training/n3/n3114.jpg,n3
./data/training/n3/n3115.jpg,n3
./data/training/n3/n3116.jpg,n3
./data/training/n3/n3117.jpg,n3
./data/training/n3/n3118.jpg,n3
./data/training/n3/n3119.jpg,n3
./data/training/n3/n3120.jpg,n3
./data/training/n3/n3121.jpg,n3
./data/training/n3/n3122.jpg,n3
./data/training/n3/n3123.jpg,n3
./data/training/n3/n3124.jpg,n3
./data/training/n3/n3125.jpg,n3
./data/training/n3/n3126.jpg,n3
./data/training/n3/n3127.jpg,n3
./data/training/n3/n3128.jpg,n3
./data/training/n3/n3129.jpg,n3
./data/training/n3/n3130.jpg,n3
./data/training/n3/n3131.jpg,n3
./data/training/n3/n3132.jpg,n3
./data/training/n3/n3133.jpg,n3
./data/training/n3/n3134.jpg,n3
./data/training/n3/n3135.jpg,n3
./data/training/n3/n3136.jpg,n3
./data/training/n3/n3137.jpg,n3
./data/training/n3/n3138.jpg,n3
./data/training/n3/n3139.jpg,n3
./data/training/n3/n3140.jpg,n3
./data/training/n3/n3141.jpg,n3
./data/training/n3/n3142.jpg,n3
./data/training/n3/n3143.jpg,n3
./data/training/n3/n3144.jpg,n3
./data/training/n3/n3145.jpg,n3
./data/training/n3/n3146.jpg,n3
./data/training/n3/n3147.jpg,n3
./data/training/n3/n3148.jpg,n3
./data/training/n3/n3149.jpg,n3
./data/training/n3/n3150.jpg,n3
./data/training/n3/n3151.jpg,n3
./data/training/n3/n3152.jpg,n3
./data/training/n3/n3153.jpg,n3
./data/training/n3/n3154.jpg,n3
./data/training/n3/n3155.jpg,n3
./data/training/n3/n3156.jpg,n3
./data/training/n3/n3157.jpg,n3
./data/training/n3/n3158.jpg,n3
./data/training/n3/n3159.jpg,n3
./data/training/n3/n3160.jpg,n3
./data/training/n3/n3161.jpg,n3
./data/training/n3/n3162.jpg,n3
./data/training/n3/n3163.jpg,n3
./data/training/n3/n3164.jpg,n3
./data/training/n3/n3165.jpg,n3
./data/training/n3/n3166.jpg,n3
./data/training/n3/n3167.jpg,n3
./data/training/n3/n3168.jpg,n3
./data/training/n3/n3169.jpg,n3
./data/training/n3/n3170.jpg,n3
./data/training/n3/n3171.jpg,n3
./data/training/n3/n3172.jpg,n3
./data/training/n4/n4016.jpg,n4
./data/training/n4/n4017.jpg,n4
./data/training/n4/n4018.jpg,n4
./data/training/n4/n4019.jpg,n4
./data/training/n4/n4020.jpg,n4
./data/training/n4/n4021.jpg,n4
./data/training/n4/n4022.jpg,n4
./data/training/n4/n4023.jpg,n4
./data/training/n4/n4024.jpg,n4
./data/training/n4/n4025.jpg,n4
./data/training/n4/n4026.jpg,n4
./data/training/n4/n4027.jpg,n4
./data/training/n4/n4028.jpg,n4
./data/training/n4/n4029.jpg,n4
./data/training/n4/n4030.jpg,n4
./data/training/n4/n4031.jpg,n4
./data/training/n4/n4032.jpg,n4
./data/training/n4/n4033.jpg,n4
./data/training/n4/n4034.jpg,n4
./data/training/n4/n4035.jpg,n4
./data/training/n4/n4036.jpg,n4
./data/training/n4/n4037.jpg,n4
./data/training/n4/n4038.jpg,n4
./data/training/n4/n4039.jpg,n4
./data/training/n4/n4040.jpg,n4
./data/training/n4/n4041.jpg,n4
./data/training/n4/n4042.jpg,n4
./data/training/n4/n4043.jpg,n4
./data/training/n4/n4044.jpg,n4
./data/training/n4/n4045.jpg,n4
./data/training/n4/n4046.jpg,n4
./data/training/n4/n4047.jpg,n4
./data/training/n4/n4048.jpg,n4
./data/training/n4/n4049.jpg,n4
./data/training/n4/n4050.jpg,n4
./data/training/n4/n4051.jpg,n4
./data/training/n4/n4052.jpg,n4
./data/training/n4/n4053.jpg,n4
./data/training/n4/n4054.jpg,n4
./data/training/n4/n4055.jpg,n4
./data/training/n4/n4056.jpg,n4
./data/training/n4/n4057.jpg,n4
./data/training/n4/n4058.jpg,n4
./data/training/n4/n4059.jpg,n4
./data/training/n4/n4060.jpg,n4
./data/training/n4/n4061.jpg,n4
./data/training/n4/n4062.jpg,n4
./data/training/n4/n4063.jpg,n4
./data/training/n4/n4064.jpg,n4
./data/training/n4/n4110.jpg,n4
./data/training/n4/n4111.jpg,n4
./data/training/n4/n4112.jpg,n4
./data/training/n4/n4113.jpg,n4
./data/training/n4/n4114.jpg,n4
./data/training/n4/n4115.jpg,n4
./data/training/n4/n4116.jpg,n4
./data/training/n4/n4117.jpg,n4
./data/training/n4/n4118.jpg,n4
./data/training/n4/n4119.jpg,n4
./data/training/n4/n4120.jpg,n4
./data/training/n4/n4121.jpg,n4
./data/training/n4/n4122.jpg,n4
./data/training/n4/n4123.jpg,n4
./data/training/n4/n4124.jpg,n4
./data/training/n4/n4125.jpg,n4
./data/training/n4/n4126.jpg,n4
./data/training/n4/n4127.jpg,n4
./data/training/n4/n4128.jpg,n4
./data/training/n4/n4129.jpg,n4
./data/training/n4/n4130.jpg,n4
./data/training/n4/n4131.jpg,n4
./data/training/n4/n4132.jpg,n4
./data/training/n4/n4133.jpg,n4
./data/training/n4/n4134.jpg,n4
./data/training/n4/n4135.jpg,n4
./data/training/n4/n4136.jpg,n4
./data/training/n4/n4137.jpg,n4
./data/training/n4/n4138.jpg,n4
./data/training/n4/n4139.jpg,n4
./data/training/n4/n4140.jpg,n4
./data/training/n4/n4141.jpg,n4
./data/training/n4/n4142.jpg,n4
./data/training/n4/n4143.jpg,n4
./data/training/n4/n4144.jpg,n4
./data/training/n4/n4145.jpg,n4
./data/training/n4/n4146.jpg,n4
./data/training/n4/n4147.jpg,n4
./data/training/n4/n4148.jpg,n4
./data/training/n4/n4149.jpg,n4
./data/training/n4/n4150.jpg,n4
./data/training/n4/n4151.jpg,n4
./data/training/n4/n4152.jpg,n4
./data/training/n4/n4153.jpg,n4
./data/training/n4/n4154.jpg,n4
./data/training/n4/n4155.jpg,n4
./data/training/n4/n41556.jpg,n4
./data/training/n4/n41557.jpg,n4
./data/training/n4/n41558.jpg,n4
./data/training/n4/n41559.jpg,n4
./data/training/n4/n41560.jpg,n4
./data/training/n4/n41561.jpg,n4
./data/training/n4/n41562.jpg,n4
./data/training/n4/n41563.jpg,n4
./data/training/n4/n41564.jpg,n4
./data/training/n4/n41565.jpg,n4
./data/training/n5/n5018.jpg,n5
./data/training/n5/n5019.jpg,n5
./data/training/n5/n5020.jpg,n5
./data/training/n5/n5021.jpg,n5
./data/training/n5/n5022.jpg,n5
./data/training/n5/n5023.jpg,n5
./data/training/n5/n5024.jpg,n5
./data/training/n5/n5025.jpg,n5
./data/training/n5/n5026.jpg,n5
./data/training/n5/n5027.jpg,n5
./data/training/n5/n5028.jpg,n5
./data/training/n5/n5029.jpg,n5
./data/training/n5/n5030.jpg,n5
./data/training/n5/n5031.jpg,n5
./data/training/n5/n5032.jpg,n5
./data/training/n5/n5033.jpg,n5
./data/training/n5/n5034.jpg,n5
./data/training/n5/n5035.jpg,n5
./data/training/n5/n5036.jpg,n5
./data/training/n5/n5037.jpg,n5
./data/training/n5/n5038.jpg,n5
./data/training/n5/n5039.jpg,n5
./data/training/n5/n5040.jpg,n5
./data/training/n5/n5041.jpg,n5
./data/training/n5/n5042.jpg,n5
./data/training/n5/n5043.jpg,n5
./data/training/n5/n5044.jpg,n5
./data/training/n5/n5045.jpg,n5
./data/training/n5/n5046.jpg,n5
./data/training/n5/n5047.jpg,n5
./data/training/n5/n5048.jpg,n5
./data/training/n5/n5049.jpg,n5
./data/training/n5/n5050.jpg,n5
./data/training/n5/n5051.jpg,n5
./data/training/n5/n5052.jpg,n5
./data/training/n5/n5053.jpg,n5
./data/training/n5/n5054.jpg,n5
./data/training/n5/n5055.jpg,n5
./data/training/n5/n5056.jpg,n5
./data/training/n5/n5057.jpg,n5
./data/training/n5/n5058.jpg,n5
./data/training/n5/n5059.jpg,n5
./data/training/n5/n5060.jpg,n5
./data/training/n5/n5061.jpg,n5
./data/training/n5/n5062.jpg,n5
./data/training/n5/n5063.jpg,n5
./data/training/n5/n5064.jpg,n5
./data/training/n5/n5065.jpg,n5
./data/training/n5/n5066.jpg,n5
./data/training/n5/n5067.jpg,n5
./data/training/n5/n5068.jpg,n5
./data/training/n5/n5069.jpg,n5
./data/training/n5/n5070.jpg,n5
./data/training/n5/n5071.jpg,n5
./data/training/n5/n5072.jpg,n5
./data/training/n5/n5073.jpg,n5
./data/training/n5/n5110.jpg,n5
./data/training/n5/n5111.jpg,n5
./data/training/n5/n5112.jpg,n5
./data/training/n5/n5113.jpg,n5
./data/training/n5/n5114.jpg,n5
./data/training/n5/n5115.jpg,n5
./data/training/n5/n5116.jpg,n5
./data/training/n5/n5117.jpg,n5
./data/training/n5/n5118.jpg,n5
./data/training/n5/n5119.jpg,n5
./data/training/n5/n5120.jpg,n5
./data/training/n5/n5121.jpg,n5
./data/training/n5/n5122.jpg,n5
./data/training/n5/n5123.jpg,n5
./data/training/n5/n5124.jpg,n5
./data/training/n5/n5125.jpg,n5
./data/training/n5/n5126.jpg,n5
./data/training/n5/n5127.jpg,n5
./data/training/n5/n5128.jpg,n5
./data/training/n5/n5129.jpg,n5
./data/training/n5/n5130.jpg,n5
./data/training/n5/n5131.jpg,n5
./data/training/n5/n5132.jpg,n5
./data/training/n5/n5133.jpg,n5
./data/training/n5/n5134.jpg,n5
./data/training/n5/n5135.jpg,n5
./data/training/n5/n5136.jpg,n5
./data/training/n5/n5137.jpg,n5
./data/training/n5/n5138.jpg,n5
./data/training/n5/n5139.jpg,n5
./data/training/n5/n5140.jpg,n5
./data/training/n5/n5141.jpg,n5
./data/training/n5/n5142.jpg,n5
./data/training/n5/n5143.jpg,n5
./data/training/n5/n5144.jpg,n5
./data/training/n5/n5145.jpg,n5
./data/training/n5/n5146.jpg,n5
./data/training/n5/n5147.jpg,n5
./data/training/n5/n5148.jpg,n5
./data/training/n5/n5149.jpg,n5
./data/training/n5/n5150.jpg,n5
./data/training/n5/n5151.jpg,n5
./data/training/n5/n5152.jpg,n5
./data/training/n5/n5153.jpg,n5
./data/training/n5/n5154.jpg,n5
./data/training/n5/n5155.jpg,n5
./data/training/n5/n5156.jpg,n5
./data/training/n5/n5157.jpg,n5
./data/training/n5/n5158.jpg,n5
./data/training/n5/n5159.jpg,n5
./data/training/n5/n5160.jpg,n5
./data/training/n5/n5161.jpg,n5
./data/training/n5/n5162.jpg,n5
./data/training/n5/n5163.jpg,n5
./data/training/n5/n5164.jpg,n5
./data/training/n5/n5165.jpg,n5
./data/training/n5/n5166.jpg,n5
./data/training/n6/n6016.jpg,n6
./data/training/n6/n6017.jpg,n6
./data/training/n6/n6018.jpg,n6
./data/training/n6/n6019.jpg,n6
./data/training/n6/n6020.jpg,n6
./data/training/n6/n6021.jpg,n6
./data/training/n6/n6022.jpg,n6
./data/training/n6/n6023.jpg,n6
./data/training/n6/n6024.jpg,n6
./data/training/n6/n6025.jpg,n6
./data/training/n6/n6026.jpg,n6
./data/training/n6/n6027.jpg,n6
./data/training/n6/n6028.jpg,n6
./data/training/n6/n6029.jpg,n6
./data/training/n6/n6030.jpg,n6
./data/training/n6/n6031.jpg,n6
./data/training/n6/n6032.jpg,n6
./data/training/n6/n6033.jpg,n6
./data/training/n6/n6034.jpg,n6
./data/training/n6/n6035.jpg,n6
./data/training/n6/n6036.jpg,n6
./data/training/n6/n6037.jpg,n6
./data/training/n6/n6038.jpg,n6
./data/training/n6/n6039.jpg,n6
./data/training/n6/n6040.jpg,n6
./data/training/n6/n6041.jpg,n6
./data/training/n6/n6042.jpg,n6
./data/training/n6/n6043.jpg,n6
./data/training/n6/n6044.jpg,n6
./data/training/n6/n6045.jpg,n6
./data/training/n6/n6046.jpg,n6
./data/training/n6/n6047.jpg,n6
./data/training/n6/n6048.jpg,n6
./data/training/n6/n6049.jpg,n6
./data/training/n6/n6050.jpg,n6
./data/training/n6/n6051.jpg,n6
./data/training/n6/n6052.jpg,n6
./data/training/n6/n6053.jpg,n6
./data/training/n6/n6054.jpg,n6
./data/training/n6/n6055.jpg,n6
./data/training/n6/n6056.jpg,n6
./data/training/n6/n6057.jpg,n6
./data/training/n6/n6058.jpg,n6
./data/training/n6/n6059.jpg,n6
./data/training/n6/n6060.jpg,n6
./data/training/n6/n6061.jpg,n6
./data/training/n6/n6062.jpg,n6
./data/training/n6/n6063.jpg,n6
./data/training/n6/n6064.jpg,n6
./data/training/n6/n6065.jpg,n6
./data/training/n6/n6066.jpg,n6
./data/training/n6/n6067.jpg,n6
./data/training/n6/n6068.jpg,n6
./data/training/n6/n6069.jpg,n6
./data/training/n6/n6110.jpg,n6
./data/training/n6/n6111.jpg,n6
./data/training/n6/n6112.jpg,n6
./data/training/n6/n6113.jpg,n6
./data/training/n6/n6114.jpg,n6
./data/training/n6/n6115.jpg,n6
./data/training/n6/n6116.jpg,n6
./data/training/n6/n6117.jpg,n6
./data/training/n6/n6118.jpg,n6
./data/training/n6/n6119.jpg,n6
./data/training/n6/n6120.jpg,n6
./data/training/n6/n6121.jpg,n6
./data/training/n6/n6122.jpg,n6
./data/training/n6/n6123.jpg,n6
./data/training/n6/n6124.jpg,n6
./data/training/n6/n6125.jpg,n6
./data/training/n6/n6126.jpg,n6
./data/training/n6/n6127.jpg,n6
./data/training/n6/n6128.jpg,n6
./data/training/n6/n6129.jpg,n6
./data/training/n6/n6130.jpg,n6
./data/training/n6/n6131.jpg,n6
./data/training/n6/n6132.jpg,n6
./data/training/n6/n6133.jpg,n6
./data/training/n6/n6134.jpg,n6
./data/training/n6/n6135.jpg,n6
./data/training/n6/n6136.jpg,n6
./data/training/n6/n6137.jpg,n6
./data/training/n6/n6138.jpg,n6
./data/training/n6/n6139.jpg,n6
./data/training/n6/n6140.jpg,n6
./data/training/n6/n6141.jpg,n6
./data/training/n6/n6142.jpg,n6
./data/training/n6/n6143.jpg,n6
./data/training/n6/n6144.jpg,n6
./data/training/n6/n6145.jpg,n6
./data/training/n6/n6146.jpg,n6
./data/training/n6/n6147.jpg,n6
./data/training/n6/n6148.jpg,n6
./data/training/n6/n6149.jpg,n6
./data/training/n6/n6150.jpg,n6
./data/training/n6/n6151.jpg,n6
./data/training/n6/n6152.jpg,n6
./data/training/n6/n6153.jpg,n6
./data/training/n6/n6154.jpg,n6
./data/training/n6/n6155.jpg,n6
./data/training/n6/n6156.jpg,n6
./data/training/n6/n6157.jpg,n6
./data/training/n6/n6158.jpg,n6
./data/training/n6/n6159.jpg,n6
./data/training/n6/n6160.jpg,n6
./data/training/n6/n6161.jpg,n6
./data/training/n7/n7019.jpg,n7
./data/training/n7/n702.jpg,n7
./data/training/n7/n7020.jpg,n7
./data/training/n7/n7021.jpg,n7
./data/training/n7/n7022.jpg,n7
./data/training/n7/n7023.jpg,n7
./data/training/n7/n7024.jpg,n7
./data/training/n7/n7025.jpg,n7
./data/training/n7/n7026.jpg,n7
./data/training/n7/n7027.jpg,n7
./data/training/n7/n7028.jpg,n7
./data/training/n7/n7029.jpg,n7
./data/training/n7/n7030.jpg,n7
./data/training/n7/n7031.jpg,n7
./data/training/n7/n7032.jpg,n7
./data/training/n7/n7033.jpg,n7
./data/training/n7/n7034.jpg,n7
./data/training/n7/n7035.jpg,n7
./data/training/n7/n7036.jpg,n7
./data/training/n7/n7037.jpg,n7
./data/training/n7/n7038.jpg,n7
./data/training/n7/n7039.jpg,n7
./data/training/n7/n7040.jpg,n7
./data/training/n7/n7041.jpg,n7
./data/training/n7/n7042.jpg,n7
./data/training/n7/n7043.jpg,n7
./data/training/n7/n7044.jpg,n7
./data/training/n7/n7045.jpg,n7
./data/training/n7/n7046.jpg,n7
./data/training/n7/n7047.jpg,n7
./data/training/n7/n7048.jpg,n7
./data/training/n7/n7049.jpg,n7
./data/training/n7/n7050.jpg,n7
./data/training/n7/n7051.jpg,n7
./data/training/n7/n7052.jpg,n7
./data/training/n7/n7053.jpg,n7
./data/training/n7/n7054.jpg,n7
./data/training/n7/n7055.jpg,n7
./data/training/n7/n7056.jpg,n7
./data/training/n7/n7057.jpg,n7
./data/training/n7/n7058.jpg,n7
./data/training/n7/n7059.jpg,n7
./data/training/n7/n7060.jpg,n7
./data/training/n7/n7061.jpg,n7
./data/training/n7/n7062.jpg,n7
./data/training/n7/n7063.jpg,n7
./data/training/n7/n7064.jpg,n7
./data/training/n7/n7065.jpg,n7
./data/training/n7/n7066.jpg,n7
./data/training/n7/n7067.jpg,n7
./data/training/n7/n7068.jpg,n7
./data/training/n7/n7069.jpg,n7
./data/training/n7/n7070.jpg,n7
./data/training/n7/n7071.jpg,n7
./data/training/n7/n7110.jpg,n7
./data/training/n7/n7111.jpg,n7
./data/training/n7/n7112.jpg,n7
./data/training/n7/n7113.jpg,n7
./data/training/n7/n7114.jpg,n7
./data/training/n7/n7115.jpg,n7
./data/training/n7/n7116.jpg,n7
./data/training/n7/n7117.jpg,n7
./data/training/n7/n7118.jpg,n7
./data/training/n7/n7119.jpg,n7
./data/training/n7/n7120.jpg,n7
./data/training/n7/n7121.jpg,n7
./data/training/n7/n7122.jpg,n7
./data/training/n7/n7123.jpg,n7
./data/training/n7/n7124.jpg,n7
./data/training/n7/n7125.jpg,n7
./data/training/n7/n7126.jpg,n7
./data/training/n7/n7127.jpg,n7
./data/training/n7/n7128.jpg,n7
./data/training/n7/n7129.jpg,n7
./data/training/n7/n7130.jpg,n7
./data/training/n7/n7131.jpg,n7
./data/training/n7/n7132.jpg,n7
./data/training/n7/n7133.jpg,n7
./data/training/n7/n7134.jpg,n7
./data/training/n7/n7135.jpg,n7
./data/training/n7/n7136.jpg,n7
./data/training/n7/n7137.jpg,n7
./data/training/n7/n7138.jpg,n7
./data/training/n7/n7139.jpg,n7
./data/training/n7/n7140.jpg,n7
./data/training/n7/n7141.jpg,n7
./data/training/n7/n7142.jpg,n7
./data/training/n7/n7143.jpg,n7
./data/training/n7/n7144.jpg,n7
./data/training/n7/n7145.jpg,n7
./data/training/n7/n7146.jpg,n7
./data/training/n7/n7147.jpg,n7
./data/training/n7/n7148.jpg,n7
./data/training/n7/n7149.jpg,n7
./data/training/n7/n7150.jpg,n7
./data/training/n7/n7151.jpg,n7
./data/training/n7/n7152.jpg,n7
./data/training/n7/n7153.jpg,n7
./data/training/n7/n7154.jpg,n7
./data/training/n7/n7155.jpg,n7
./data/training/n7/n7156.jpg,n7
./data/training/n7/n7157.jpg,n7
./data/training/n7/n7158.jpg,n7
./data/training/n7/n7159.jpg,n7
./data/training/n7/n7160.jpg,n7
./data/training/n7/n7161.jpg,n7
./data/training/n7/n7162.jpg,n7
./data/training/n7/n7163.jpg,n7
./data/training/n7/n7164.jpg,n7
./data/training/n7/n7165.jpg,n7
./data/training/n7/n7166.jpg,n7
./data/training/n7/n7167.jpg,n7
./data/training/n7/n7168.jpg,n7
./data/training/n7/n7169.jpg,n7
./data/training/n8/n8018.jpg,n8
./data/training/n8/n8019.jpg,n8
./data/training/n8/n8020.jpg,n8
./data/training/n8/n8022.jpg,n8
./data/training/n8/n8023.jpg,n8
./data/training/n8/n8024.jpg,n8
./data/training/n8/n8025.jpg,n8
./data/training/n8/n8026.jpg,n8
./data/training/n8/n8027.jpg,n8
./data/training/n8/n8028.jpg,n8
./data/training/n8/n8029.jpg,n8
./data/training/n8/n8030.jpg,n8
./data/training/n8/n8032.jpg,n8
./data/training/n8/n8033.jpg,n8
./data/training/n8/n8034.jpg,n8
./data/training/n8/n8035.jpg,n8
./data/training/n8/n8036.jpg,n8
./data/training/n8/n8037.jpg,n8
./data/training/n8/n8038.jpg,n8
./data/training/n8/n8039.jpg,n8
./data/training/n8/n8040.jpg,n8
./data/training/n8/n8041.jpg,n8
./data/training/n8/n8042.jpg,n8
./data/training/n8/n8043.jpg,n8
./data/training/n8/n8044.jpg,n8
./data/training/n8/n8045.jpg,n8
./data/training/n8/n8046.jpg,n8
./data/training/n8/n8047.jpg,n8
./data/training/n8/n8048.jpg,n8
./data/training/n8/n8049.jpg,n8
./data/training/n8/n8050.jpg,n8
./data/training/n8/n8051.jpg,n8
./data/training/n8/n8052.jpg,n8
./data/training/n8/n8053.jpg,n8
./data/training/n8/n8054.jpg,n8
./data/training/n8/n8055.jpg,n8
./data/training/n8/n8056.jpg,n8
./data/training/n8/n8057.jpg,n8
./data/training/n8/n8058.jpg,n8
./data/training/n8/n8059.jpg,n8
./data/training/n8/n8060.jpg,n8
./data/training/n8/n8061.jpg,n8
./data/training/n8/n8062.jpg,n8
./data/training/n8/n8063.jpg,n8
./data/training/n8/n8064.jpg,n8
./data/training/n8/n8065.jpg,n8
./data/training/n8/n8066.jpg,n8
./data/training/n8/n8067.jpg,n8
./data/training/n8/n8068.jpg,n8
./data/training/n8/n8069.jpg,n8
./data/training/n8/n8070.jpg,n8
./data/training/n8/n8071.jpg,n8
./data/training/n8/n8072.jpg,n8
./data/training/n8/n8073.jpg,n8
./data/training/n8/n8074.jpg,n8
./data/training/n8/n8075.jpg,n8
./data/training/n8/n8076.jpg,n8
./data/training/n8/n8077.jpg,n8
./data/training/n8/n8078.jpg,n8
./data/training/n8/n8079.jpg,n8
./data/training/n8/n808.jpg,n8
./data/training/n8/n8080.jpg,n8
./data/training/n8/n8110.jpg,n8
./data/training/n8/n8111.jpg,n8
./data/training/n8/n8112.jpg,n8
./data/training/n8/n8113.jpg,n8
./data/training/n8/n8114.jpg,n8
./data/training/n8/n8115.jpg,n8
./data/training/n8/n8116.jpg,n8
./data/training/n8/n8117.jpg,n8
./data/training/n8/n8118.jpg,n8
./data/training/n8/n8119.jpg,n8
./data/training/n8/n8120.jpg,n8
./data/training/n8/n8121.jpg,n8
./data/training/n8/n8122.jpg,n8
./data/training/n8/n8123.jpg,n8
./data/training/n8/n8124.jpg,n8
./data/training/n8/n8125.jpg,n8
./data/training/n8/n8126.jpg,n8
./data/training/n8/n8127.jpg,n8
./data/training/n8/n8128.jpg,n8
./data/training/n8/n8129.jpg,n8
./data/training/n8/n8130.jpg,n8
./data/training/n8/n8131.jpg,n8
./data/training/n8/n8132.jpg,n8
./data/training/n8/n8133.jpg,n8
./data/training/n8/n8134.jpg,n8
./data/training/n8/n8135.jpg,n8
./data/training/n8/n8136.jpg,n8
./data/training/n8/n8137.jpg,n8
./data/training/n8/n8138.jpg,n8
./data/training/n8/n8139.jpg,n8
./data/training/n8/n8140.jpg,n8
./data/training/n8/n8141.jpg,n8
./data/training/n8/n8142.jpg,n8
./data/training/n8/n8143.jpg,n8
./data/training/n8/n8144.jpg,n8
./data/training/n8/n8145.jpg,n8
./data/training/n8/n8146.jpg,n8
./data/training/n8/n8147.jpg,n8
./data/training/n8/n8148.jpg,n8
./data/training/n8/n8149.jpg,n8
./data/training/n8/n8150.jpg,n8
./data/training/n8/n8151.jpg,n8
./data/training/n8/n817.jpg,n8
./data/training/n8/n818.jpg,n8
./data/training/n9/n9014.jpg,n9
./data/training/n9/n9016.jpg,n9
./data/training/n9/n9017.jpg,n9
./data/training/n9/n9018.jpg,n9
./data/training/n9/n9019.jpg,n9
./data/training/n9/n9020.jpg,n9
./data/training/n9/n9022.jpg,n9
./data/training/n9/n9023.jpg,n9
./data/training/n9/n9025.jpg,n9
./data/training/n9/n9027.jpg,n9
./data/training/n9/n9028.jpg,n9
./data/training/n9/n9029.jpg,n9
./data/training/n9/n9031.jpg,n9
./data/training/n9/n9032.jpg,n9
./data/training/n9/n9033.jpg,n9
./data/training/n9/n9034.jpg,n9
./data/training/n9/n9035.jpg,n9
./data/training/n9/n9036.jpg,n9
./data/training/n9/n9037.jpg,n9
./data/training/n9/n9038.jpg,n9
./data/training/n9/n9039.jpg,n9
./data/training/n9/n9040.jpg,n9
./data/training/n9/n9041.jpg,n9
./data/training/n9/n9042.jpg,n9
./data/training/n9/n9043.jpg,n9
./data/training/n9/n9044.jpg,n9
./data/training/n9/n9045.jpg,n9
./data/training/n9/n9046.jpg,n9
./data/training/n9/n9047.jpg,n9
./data/training/n9/n9048.jpg,n9
./data/training/n9/n9049.jpg,n9
./data/training/n9/n9050.jpg,n9
./data/training/n9/n9051.jpg,n9
./data/training/n9/n9052.jpg,n9
./data/training/n9/n9053.jpg,n9
./data/training/n9/n9054.jpg,n9
./data/training/n9/n9055.jpg,n9
./data/training/n9/n9056.jpg,n9
./data/training/n9/n9057.jpg,n9
./data/training/n9/n9058.jpg,n9
./data/training/n9/n9059.jpg,n9
./data/training/n9/n9060.jpg,n9
./data/training/n9/n9061.jpg,n9
./data/training/n9/n9062.jpg,n9
./data/training/n9/n9063.jpg,n9
./data/training/n9/n9064.jpg,n9
./data/training/n9/n9065.jpg,n9
./data/training/n9/n9066.jpg,n9
./data/training/n9/n9067.jpg,n9
./data/training/n9/n9110.jpg,n9
./data/training/n9/n9111.jpg,n9
./data/training/n9/n9112.jpg,n9
./data/training/n9/n9113.jpg,n9
./data/training/n9/n9114.jpg,n9
./data/training/n9/n9115.jpg,n9
./data/training/n9/n9116.jpg,n9
./data/training/n9/n9117.jpg,n9
./data/training/n9/n9118.jpg,n9
./data/training/n9/n9119.jpg,n9
./data/training/n9/n9120.jpg,n9
./data/training/n9/n9121.jpg,n9
./data/training/n9/n9122.jpg,n9
./data/training/n9/n9123.jpg,n9
./data/training/n9/n9124.jpg,n9
./data/training/n9/n9125.jpg,n9
./data/training/n9/n9126.jpg,n9
./data/training/n9/n9127.jpg,n9
./data/training/n9/n9128.jpg,n9
./data/training/n9/n9129.jpg,n9
./data/training/n9/n9130.jpg,n9
./data/training/n9/n9131.jpg,n9
./data/training/n9/n9132.jpg,n9
./data/training/n9/n9133.jpg,n9
./data/training/n9/n9134.jpg,n9
./data/training/n9/n9135.jpg,n9
./data/training/n9/n9136.jpg,n9
./data/training/n9/n9137.jpg,n9
./data/training/n9/n9138.jpg,n9
./data/training/n9/n9139.jpg,n9
./data/training/n9/n9140.jpg,n9
./data/training/n9/n9141.jpg,n9
./data/training/n9/n9142.jpg,n9
./data/training/n9/n9143.jpg,n9
./data/training/n9/n9144.jpg,n9
./data/training/n9/n9145.jpg,n9
./data/training/n9/n9146.jpg,n9
./data/training/n9/n9147.jpg,n9
./data/training/n9/n9148.jpg,n9
./data/training/n9/n915.jpg,n9
./data/training/n9/n9150.jpg,n9
./data/training/n9/n9151.jpg,n9
./data/training/n9/n9151jpg,n9
./data/training/n9/n9152.jpg,n9
./data/training/n9/n9153.jpg,n9
./data/training/n9/n9154.jpg,n9
./data/training/n9/n9155.jpg,n9
./data/training/n9/n9156.jpg,n9
./data/training/n9/n9157.jpg,n9
./data/training/n9/n9158.jpg,n9
./data/training/n9/n9159.jpg,n9
./data/training/n9/n9160.png,n9
./data/training/n9/n9161.jpg,n9
./data/training/n9/n9162.jpg,n9
./data/training/n9/n9163.jpg,n9
./data/training/n9/n917.jpg,n9
./data/training/n9/n919.jpg,n9
