,Dialogue,age
0,대통령 각하께서 입장하십니다!,80
1,"본부장님, 박처장이 못 온답니다.",80
2,... 상전이 따로 읍네. 밥이나 묵자.,80
3,"진작, 사망했습니다.",80
4,...살리세요.,80
5,...강심제.,80
6,남영동에서... 시나이가 깨졌습니다.,80
7,처장님께서 사거리 통과하셨답니다.,80
8,소생이 불가능합니다.,80
9,...옮겨.,80
10,"의사, 누가 불렀어?",80
11,접니다. 용공분자도 아니고 참고인이라서...,80
12,"새끼가 보고도 없이... 목격자 생겼잖아, 목격자! 어쩔거야?",80
13,보따리 하나 터진 거 개지고 소란 떨거 있네? 밥들 먹으라우.,80
14,시신은... 어떻게 할까요?,80
15,...태우라우.,80
16,받들겠습니다!,80
17,아이고~ 처장님. 축하드립니다.,80
18,"영광스러운 자리에 참석도 못하고, 제가 죄송한 게 많습니다.",80
19,없디요.,80
20,각하께서... 직접 못 줘서 미안하다고 하셨습니다.,80
21,영광입네다.,80
22,김정남?,80
23,"인혁당. 민청학린, 보도지침 폭로, 인천사태 배후 조종자디요.",80
24,"변변한 직책도 없는 놈인데, 뭘 하시려고...",80
25,고거래 김영삼이 단식 성명서.,80
26,"김대중이 김영삼이, 8.15 공동 선언문 작성자입네다.",80
27,한 보따리로 엮으시겠다?,80
28,"고거이 김일성이 끄나풀로 밝혀지문, 대통령 직선제 개나발 부는 간나들.",80
29,단칼에 격멸하갓디요.,80
30,역시... 청와대 주인은 바뀌어도 남영동 주인은 안바뀐다더니...,80
31,정말 대단하십니다.,80
32,빨리 검거해서 대학생들 개학 전에 정리합시다.,80
33,차질없이 준비하갓습네다.,80
34,"새끼, 신성한 소주병에 휘발유나 처넣고...",80
35,휘발유 아닌데요.,80
36,뭐?,80
37,신나예요.,80
38,잘 났다. 새꺄. 잘 났다. 잘 났어.,80
39,부모 가슴에 대못 박어서 좋냐? 좋아?,80
40,짜장면이요!,80
41,영감님! 저 왔습니다.,80
42,웬일이야? 이 시간에?,80
43,아이구야... 공안부장님이 그딴 거 드셔야 되겠습니까?,80
44,나가시죠. 제가 모시겠습니다.,80
45,그르까? ㅎㅎㅎ.,80
46,도장 하나만 찍어주십쇼.,80
47,간만에 공짜술 얻어먹나 했더니...,80
48,안 본 사이에 많이 못 써졌어?,80
49,심장마비 스물두살짜리가?,80
50,오늘 밤 안으로 화장해야 합니다.,80
51,"죽은 지 여덟시간도 안됐는데? 아버지가 죽은 아들, 봤다? 못봤다?",80
52,못 봤네. 못봤어.,80
53,부산 영도경찰서에서 부친한테 동의 받았습니다.,80
54,"이 양반아, 아버지란 사람이 서울대 다니는 아들 시신도 안보고 '화장해주세요' 했다",80
55,고?,80
56,구라를 쳐도 좀 적당히 쳐! 이걸 누가 믿냐?,80
57,대공 업웁니다. 찍으시죠.,80
58,이 새끼가 누구한테 찍으라 마라...,80
59,아 또 왜 이러십니까... 눈 딱 감고 한번만 찍어 주십쇼. 화끈하게 모시겠습니다.,80
60,웬만해야지!,80
61,부검해서 사인이 나와야 화장을 하든 매장을 하든 할 거 아냐?,80
62,법이 그래. 법이!,80
63,알죠. 예! 누가 모릅니까? 위에서 해 뜨기 전에 화장하랍니다!,80
64,위? 어디? 안기부? 청와대?,80
65,영감님. 저 좀 살려주십쇼!,80
66,"낼 아침에 얼른 부검해서, 오후에 화장해.",80
67,뿔었잖아!,80
68,에이...,80
69,"아. 서울대생, 별 문제 없겠죠?",80
70,관례대로 처리 중입네다.,80
71,알죠. 아는데... 어차피 지금. 화장터 문 닫았습니다....예.,80
72,괴... 굉장히 급한 전화 같아서...,80
73,"부장님, 밖에 좀...",80
74,웬일이십니까? 저녁 약속 있으시다고...,80
75,"청와대 전화 받고 밥이 넘어가겠냐? 너, 왜 그래?",80
76,"대공 새끼들, 검사를 개똥으로 알잖습니까. 버르장머리를 고쳐야겠습니다.",80
77,너부터 고쳐.,80
78,웃어? 찍어. 인마. 줄초상 난다.,80
79,제가 알아서...,80
80,"너 이 새끼, 장인 빽 믿고 설치는 모양인데, 전화 한통만 더 받기만 해.",80
81,도장 씨발. 내가 찍는다. 알았어?,80
82,"대답 안해? 찍을래, 말래?",80
83,찍겠습니다.,80
84,시신에 손만 대봐! 공무집행방해죄로 족친다.,80
85,내가!,80
86,여.. 영감! 영감님!,80
87,영감!,80
88,빨리빨리 안와?,80
89,빠져 가지고...,80
90,"하이고... 얼마나 바쁜지, 오줌싸고 손 씻을 시간도 없습니다.",80
91,원래 안 씻잖아?,80
92,"으흐흐, 대충 하고 가시죠.",80
93,간만에 형수님 찌개에 쐬주 일병?,80
94,집에 안가. 못가.,80
95,또 싸우셨어요?,80
96,집 전화 때려 부수면 마누라한테 혼나요.,80
97,"어허, 누가 또 겁도 없이 우리 형님 콧털을 뽑았으까?",80
98,대공 새끼들이 또 사고쳤다. 대한민국 검사를 호구로 알아.,80
99,씹새끼들.,80
100,군바리들이 오냐오냐하니까 세상이 만만해 보이는 거죠.,80
101,하~ 이 썅놈에 새끼들... 확 그냥 들이받고 사표 쓰까?,80
102,그래봐야 공구리에 금이나 가겠어요?,80
103,형님 머리만 깨지지.,80
104,그래서 말인데.. 니가 쥐약 좀 뿌려야겠다.,80
105,쥐약..이요?,80
106,나이스 샷!,80
107,"아따메 공이 허벌나게 빨라블구마잉... 우리 처장님, 회춘하신거시 확실혀.",80
108,해구신 약빨이 아죠. 지대로 받아부렀어!,80
109,"공안부장, 종적이 묘연합니다. 근처 여관까지 샅샅이 뒤졌는데...",80
110,"그 아새끼, 빨갱이네?",80
111,이유를... 모르겠습니다.,80
112,"서울지검, 지검장 연결하라우.",80
113,"지검장님, 최부장이 행방불명입니다.",80
114,"수사관들, 싹 다 풀어.",80
115,"으이그 저 화상... 최부장, 최부장!",80
116,오셨습니까...,80
117,아흑....,80
118,내가 인마. 아침부터 박처장 전화 받아야 되겠냐? 재수 옴붙었어.,80
119,대충 마무리 하자.,80
120,딴건 몰라도 부검은 꼭 해야겠습니다.,80
121,상대 봐 가면서 객기 부려.,80
122,박 처장 건드려서 살아남은 놈 못봤다.,80
123,"부천서 성고문 사건 때, 그 새끼들이 하자는 대로 기소 유예했다가 우리만 똥물 뒤",80
124,집어썼습니다. 이번엔 법대로 하시죠.,80
125,야.,80
126,지나가는 사람 아무나 잡아다가 사돈에 팔촌까지 털어봐.,80
127,월북자 한명쯤 나오게 돼 있어. 남영동 무서운 줄 모르고...,80
128,"정황상, 고문치사가 확실합니다.",80
129,그래서 더 안되는 거야. 밖에 알려졌다간 어후... 감당 못해.,80
130,그니까 더 깔끔하게 해야죠. 까딱하면. 우리가 죽습니다.,80
131,아이고... 이 꼴통...,80
132,그거 좋네!,80
133,선배님은 그냥 꼴통이 땡깡 부린다고 혀만 끌끌 차십쇼. 제가 알아서,80
134,하겠습니다.,80
135,... 자신 있어?,80
136,없죠.,80
137,???,80
138,주사는 있죠. 제가.,80
139,크... 술은 역시 빈속이야. 허허허.,80
140,과장님. 밤새 안녕하셨습니까?,80
141,"어, 신기자.",80
142,오~ 얘기 잘됐네요?... 예....,80
143,염려마십쇼.,80
144,오늘도 일착이네?,80
145,부지런해야 뭐라도 건지죠.,80
146,후... 경찰들. 큰일났어. 서울대생이라지?,80
147,예..?,80
148,그..그러게요... 법대생.. 이라던가?...,80
149,언어학과 아닌가? 박종... 뭐라던데...,80
150,"아, 그렇죠. 언어학과...",80
151,"아까운 목숨이 참... 남영동 애들, 막 나가서 큰일이야.",80
152,부장! 남영동에서 조사받던 서울대생이 사망했답니다.,80
153,우리 철이가 여 있나?,80
154,와?,80
155,아. 그... 좀 다쳐서요. 들어가시죠.,80
156,놔라! 내를 영안실로 와 데꼬오노?,80
157,철이 아부지. 여서 뭐합니까?,80
158,우리 철이 어데 있는...,80
159,뭐하다 이제 처먹냐?,80
160,응?,80
161,상삼이가 노동운동 후원회 사건. 5단 기사 썼어요. 글빨이 일취월장입니다.,80
162,글빨 죽여서 뭐해? 불러준대로 안 쓰면,80
163,쥐도 새도 모르게 끌려가는 판에.,80
164,행간이란 게 있죠.,80
165,"그 와중에. 아리까리, 아사모사, 긴가민가.",80
166,"니미, 도찐개찐이다.",80
167,중앙이요!,80
168,아. 잘 먹었다!,80
169,중앙이 오늘 늦었네? 뭐 있나?,80
170,씨바. 물 먹었네,80
171,"기사 봤습니다. 인적사항, 누가 확인했어요? 김선배-ㄴ가?",80
172,지금 그게 문제야? 회사에 보안사 군바리들 쳐들어와서...,80
173,깽판이야. 깽판!,80
174,예...? 팩트잖아요.,80
175,다 확인하셨다고...,80
176,"팩트고 나발이고, 보도지침 어겼다고...",80
177,"너 당장 여관방 들어가서, 꼼짝도 하지 마. 군바리들한테 잡혔다간 맞아죽어!",80
178,우야노... 일이 꼬여뺏다.,80
179,나랏일 하다보믄 종종 일ㅆ는 일이디요. 기까짓거 개지고...,80
180,"야, 박 처장!",80
181,그 까짓거 때문에 우리 모가지가 간당간당이야!,80
182,이랄 때 아이다.,80
183,"각하께서 신문을 패대개쳤다 카대. 삐끗하모, 다 죽는기다.",80
184,"우짜든둥, 발등에 불부터 꺼야 안 되겠나.",80
185,이대로 발표하시라요.,80
186,"내사 마. 갱찰에 명예를 걸고 말씀드리는 긴데요, 가혹행위는",80
187,결단코! 없었심다.,80
188,그럼 어쩌다 죽었단 말입니까?,80
189,"조사관이 책상을.. 탁 치니, 억 하고...",80
190,아... 그기.. 조사받는 와중에...,80
191,마... 심장쇼크사라꼬 봐야지요.,80
192,팔팔한 청년이 그렇게 쉽게 죽었다구요?,80
193,쇼크사 맞심다. 중대병원 의사가 확인했다 아입니까.,80
194,중대병원이요? 의사 이름이 뭡니까?,80
195,아...,80
196,하이고야...,80
197,이름이... 뭐... 뭐였드라...,80
198,확인 안된 거 아닙니까?,80
199,그기 아이고... 오..윤상이라꼬...,80
200,우야꼬... 내가 실수한 기제.,80
201,미안타...,80
202,... 공무원 등으로 구성된 노동운동 후원회는 반월공단에 잠입한 좌경용공세력,80
203,"을 배후 조종해, 국가 전복을 기도하고...",80
204,엄중한 사안입니다. 원칙대로 부검해주세요.,80
205,검시 보고서에 손톱만한 상처까지 세세하게 기록해.,80
206,마. 그랄 필요 있습니까? 어차피 요식행위...,80
207,새파란 놈이 못된 것만 배워 가지고... 뒤질래?,80
208,시. 시정하겠습니다. 아흑...,80
209,누구 맘대로 부검이야!,80
210,"꺼져, 새끼들아!",80
211,지금 검찰 명열을 거부하는 거야,80
212,"우린 그런 명령, 받은 적 없수다. 어여 가.",80
213,"이 쉐끼들이... 나. 검사야, 검사!!!",80
214,어쩌라고?,80
215,심장 쇼크사 맞습니까?,80
216,그건 제가 모르구요. 부검을 해봐야 아는 거라...,80
217,응급실 왔을 때 살아 있었습니까?,80
218,응급실이 아니라 남영동에서... 제가,80
219,도착했을 때 이미 심정지 상태였습니다.,80
220,자세히 좀 설명해보세요!,80
221,도착해서... 몸에 물기부터 닦고 동공을 보니까...,80
222,물기요?,80
223,형사들 말이... 사망자가 만취 상태여서 조사받을 때 물을 되게 많이 마셨다고...,80
224,"쇼크사란거야, 아니란거야?",80
225,나야....,80
226,뉘기야?,80
227,"서울지검 공안부장이요. 여기 한양대 병원인데, 당신 부하들이 정당한 공무집행을",80
228,방해하고 있습니다.,80
229,"기관들끼리 진작에 정리한 거이야. 부검이래, 날래 철회하라우.",80
230,"당신, 나 알아? 어따대고 반말이야",80
231,"내래, 대공 처장이야.",80
232,"대공은 뭐, 법이고 나발이고 안 지켜도 된다. 이거야?",80
233,"검찰수사관들, 싹 다 불러서 깽판 한번 쳐보까?",80
234,머이가 어드래?,80
235,당장 형사소송법 펼쳐서! 수사 지휘권이 누구한테 있는지 확인해 봐!,80
236,아. 하나 더. 웬만하면 사투리 좀 고치지?,80
237,김일성이네?,80
238,부검명령서-ㅂ니다.,80
239,사내 새끼가 종이쪼가리 뒤에 숨어서 어칸?,80
240,"법대로, 모양새 좋게 갑시다.",80
241,사냥개끼리 싸우다 사냥감 놓치믄. 주인이 가만 있간? 나랑 내기하자우.,80
242,우리 둘 중 가마솥에 들어가는 기. 누구갓어?,80
243,"내가 족보없는 똥개라, 성질이 개좆 같거든요? 닥치는대로 물어뜯는 게. 똥개의",80
244,매력 아니겠습니까? 멍멍.,80
245,원하는 거이 뭐이가?,80
246,기칸다고 달라질 거 없어야.,80
247,"저희 집안, 사돈에 팔촌 고모네 셋째 딸이...",80
248,여기 기자랑 국제결혼했거든요.,80
249,피터 뭐시깽인가... 이놈의 자식이,80
250,"정보 좀 달라고 아주 그냥, 들들 볶아서... 아~ 이거 팔팔 올림픽에 문제 생기면",80
251,각하께서 몹시 화내실 텐데... 어쩌죠?,80
252,"기래... 고거, 내주갓어.",80
253,"고저, 퇴직 선물은 챙겨줘야디.",80
254,????,80
255,내래. 니 모가지 땄어야.,80
256,똥개니끼니 똥이나 먹고 살라우.,80
257,이런 니미... 공구리에 대가리 깨졌네. 허허허.,80
258,쏘주 마시고 살지.,80
259,뭐....,80
260,유족 대표시죠?,80
261,성함이...,80
262,삼촌... 박월길입니다.,80
263,"황 박사님, 시작하입시다.",80
264,"먼저 고인의 영면을 빌겠습니다. 일동, 묵념.",80
265,바로.,80
266,화장실 좀...,80
267,동아일보 윤상삼 기잡니다.,80
268,"고문 흔적, 못 보셨습니까?",80
269,보신대로만 말씀해 주세요. 아까 몸에 물기가 있었다고 하셨는데.,80
270,시신 상태가 어땠습니까?,80
271,바닥에도... 물이 흥건했습니다. 가운이 젖을 정도로...,80
272,폐에서 수포음도 들렸구요.,80
273,수포음이요?,80
274,사인이 뭡니까!,80
275,쇼크사 맞습니까?,80
276,한 말씀 해주세요!,80
277,갱찰이 죽였습니다! 쇼크사 아이고...,80
278,웁.,80
279,웁...,80
280,이대로 진술해.,80
281,그쪽도 알아.,80
282,"아, 이게... 저는 잠깐 도와주러 왔다 그런건데...",80
283,형식적인 거라니까?! 휴가라 생각하고 감사과에서 며칠 놀아.,80
284,괜히 나다니다 기자들 눈에 띄면...,80
285,제가 무슨 잘못이 있다고 감사를 받습니까?,80
286,이 새끼가 어디서 눈을 까뒤집고...,80
287,"까라면 까고, 박으라면 박고, 밟으라면 밟았습니다. 제가 왜....",80
288,한영아.,80
289,"예, 처장님...",80
290,다녀오라우.,80
291,...받들겠...습니다.,80
292,"주목! 내일부터 고문 근절 캠페인 연재한다. 특별 취재반 구성해서, 왜 죽었는지.",80
293,누가 죽였는지. 샅샅이 밝혀내!,80
294,부장... 저거는...?,80
295,"까고 있네. 경찰이 고문해서 대학생을 죽였는데 씨발, 보도지침이 대수야?",80
296,앞뒤 재지 말고 들이박아!!!,80
297,예!!!,80
298,아이고 우리 황 박사. 고생 마이했다. 거 앉아라.,80
299,우에 됐노?,80
300,경부 압박에 의한 질식사입니다. 물고문 과정에서 목이 욕조 턱에 눌리면서...,80
301,말조심 안하나!!!,80
302,"내 말, 똑또기 들으래이. 니가 고문치사라 카모, 세상이 후딱 뒤비질끼고,",80
303,우리 다 죽는기라.,80
304,그게... 시신에 남은 증거가 워낙 확실해서...,80
305,화장하나카이! 다 소용없는기라. 부검소견서에 심장.마.비.,80
306,"네 글자만 써도. 그 은혜, 평생 갚을기다.",80
307,"여는... 국과수 아들, 회식비하고, 어어?",80
308,죄송합니다. 본부장님...,80
309,그캐봐야 니만 죽는다카이! 내일 쇼크사로 발표할끼다! 알았나?!,80
310,박사님!,80
311,동아일보 윤상삼 기잡니다.,80
312,정확한 부검결과는 이삼일 후에 나옵니다.,80
313,최초 검안한 의사가 물고문 증언했습니다. 고문치사 맞죠?,80
314,누구세요?,80
315,나다.,80
316,아빠다!,80
317,박사님!,80
318,저희 기자가 참관의 박동호박사도 만났습니다!,80
319,"검사가 작성한 검시 보고서도 확인됐구요. 희사로서, 보신대로만 말씀해주시면",80
320,됩니다.,80
321,소용..있습니까?,80
322,있게 만들어야죠.,80
323,꼭!,80
324,"오른쪽 폐의 탁구공 크기 출혈반은 폐결핵 흔적일 가능성이 높고, 목과 가슴이",80
325,"피멍 또한 인공호흡과정에서 발생한 것으로써, 마... 가혹행위가 일절!",80
326,없었다는,80
327,잠정 소견입니다.,80
328,철아! 잘 가그래이!,80
329,이 아부지는... 아무 할 말이 업데이!!!,80
330,유턴! 유턴!,80
331,짬뽕이요!,80
332,신문 사왔죠?,80
333,"에이, 중앙일보 사오라고...",80
334,예!...예! 즉각 시행하겠습니다.,80
335,우야꼬...,80
336,정보국장 오라케라!,80
337,어라? 여기는 신길동...,80
338,국장님! 뭐하자는 겁니까?,80
339,채워!,80
340,"니들, 가혹행위 치사죄로 구속됐어. 지금부터 경찰 아니고 범죄자야, 범죄자!",80
341,우.. 우야겠노... 청와대에서 구속하라꼬...,80
342,오뎁네까?,80
343,말 못한다. 니 가서 갱판칠낀데 사고남 우야노 박처장아. 맘 단디 묵으래이.,80
344,몸통이 살라모. 꼬리를 짤라야 된다.,80
345,신길동입니다.,80
346,종간나 새끼들...!,80
347,동작 그만!,80
348,너 지금 누구 명령....,80
349,이 새끼가 명령 불복종에 상관 폭행...,80
350,"경찰이믄 다 같은 경찰인줄 아네? 니들이 뽀찌 뜯어서 이밥에 괴깃국 먹을 때,",80
351,내래 칼 맞아가믄서 발갱이 잡았댔어. 나 아니었으믄 이 나라!,80
352,김일성이한테 먹혔,80
353,을끼야. 알간!!!,80
354,"너 이 새끼, 실수하는거야. 감히 각하 명령을...",80
355,똑또기 새기라우.,80
356,내래 빨갱이 잡는 거 방해하는 간나들은.,80
357,무조건 빨갱이로 간주하갔어!!!,80
358,비우라우.,80
359,"나가, 새끼들아!!!",80
360,...아프내?,80
361,... 억울합니다.,80
362,고개 들라우!,80
363,너래. 애국자디. 고개 빳빳이 들고 살라우.,80
364,가혹행위 치사죄는... 형량이 최하 10년입니다.,80
365,"몇 달만 참으라우. 과실치사로 바꿔서, 집행유예로 빼주갓어.",80
366,딸린 식구가 다섯입니다.,80
367,내래 다 책임질 끼야.,80
368,처장님만 믿겠습니다.,80
369,길티. 기래야 남영동이디.,80
370,조용히 좀 시켜. 잠 다 깨겠네.,80
371,접근금지입니다.,80
372,사형수야?,80
373,그.. 서울대생 고문해서 죽인...,80
374,끝나긴 뭘 끝나요?,80
375,"시국이 얼음장이야, 인마. 중대병원 의사. 협박에 시달리다가 잠적한 거 몰라?",80
376,더 파다간 신문사 폐간돼.,80
377,"죽기 살기로 몸부림치는 청년을, 딸랑 두 명이 제압했다? 말이 안되잖아요!",80
378,다섯 명이 한 조야.,80
379,부장이 그걸...? 제보 받았어요?,80
380,당해봤으니까 알지.,80
381,열 명 아니구요?,80
382,이 새끼들이... 나도 젊었을 땐. 젓가락이었어.,80
383,부장!,80
384,뻔히 아는 분이 그래요? 들이 박읍시다!,80
385,"상삼아, 진실은 말이다. 너무 꾹꾹 누르다보면 언제든 터져 나오게 돼 있어.",80
386,김밥 옆구리 터지듯이.,80
387,퍽! 응?,80
388,재판 과정에서 뭐가 튀어나오는지 보자고.,80
389,"자! 오늘은 코가 삐뚤어지게 마셔보자, 마시고!!!",80
390,죽자!!!,80
391,씨이발!!!,80
392,"그래 죽자, 죽어!",80
393,받아쓰기 하는 게 기자야? 기자냐고!!!!,80
394,이 개새끼가...,80
395,"죽을래?!! 나와, 새까!",80
396,부장! 터졌어요!,80
397,터져?,80
398,거 봐. 새끼들아. 내 말 맞지?,80
399,북한 주민 열한명 해상 탈출!!!,80
400,이런 니미... 출처는?,80
401,안기부요!,80
402,안 튀어???!!,80
403,"옘병할... 종철이가 종 치니까, 만철이가 그만 치라네. 드럽게 절묘해.",80
404,"한두 번이냐? 찍소리 못하는 우리가 모지리 십빠빠여, 조까라 마이싱...",80
405,저놈 잡아!!!,80
406,"너는 퇴근하면 곧장 와서 잠이나 잘 것이지, 어딜 그렇게 싸돌아 다녀?",80
407,그러다 뼈 삭아. 장가도 못 간 놈이... 어휴...,80
408,싸돌아 다녀야 여자도 만나고 그러지.,80
409,지랄하고 자빠졌네. 그래서 니가 데이트했냐? 데이트했어? 허구헌 날 헛짓거리...,80
410,"너 혹시, 또 이상한 사람들 만나고 다니니? 응?",80
411,이상한 거로 따지면 내가 젤 이상하지. 이 나이 먹도록 누나 잔소리 듣고 사는데.,80
412,제 정신이겠수?,80
413,썩을 놈... 밥이나 처먹어. 찌개 끓여놨다.,80
414,연희는?,80
415,퍼질러 자. 아주 벌써부터 먹고 대학생이야.,80
416,나 왔어.,80
417,"옆집 오빠랑 듣고 싶어요. 라고 사연 보내주셨습니다. 소원, 들어드려야죠?",80
418,불안한 청춘들을 위한 노랩니다. 유재하의 가리워진 길.,80
419,에이!,80
420,이놈의 고물...,80
421,그래 가지구 절딴 나겠니? 망치 갖다 줘?,80
422,"외삼촌! 내가 이거 고쳐주라고 했어, 안했어?",80
423,하여간 엄마나 딸이나...,80
424,뭐?,80
425,옜다!,80
426,오다가 주웠어.,80
427,꺅! 마이마이!,80
428,역시 삼촌밖에 없쩡!,80
429,야야. 다 큰놈이.,80
430,합격 선물이다.,80
431,연희야.,80
432,이거...,80
433,또 그 아저씨 만나라고?,80
434,아니.,80
435,"그.. 내가 생긴 게 이래서, 검문하다 걸리잖냐. 넌 안 잡으니까...",80
436,"정신 좀 차려, 좀! 노조 만들다가 짤릴 뻔 해놓고... 잘 났어.",80
437,증말.,80
438,"좋은 일 하는거야, 좋은 일, 어?",80
439,이래도? 교도관이 죄수 심부름하고 그래두 돼?,80
440,"안되면 뭐, 할 수 없고.",80
441,합격 선물이라며?,80
442,두봉이도 합격했거든?... 계장님 아들!,80
443,씨... 마지막이다?,80
444,당연하지.,80
445,오랜만입니다. 신부님.,80
446,성불은 하셨습니까?,80
447,"시절이 하 수상해서, 번뇌가 끊이질 않습니다.",80
448,저도 마찬가집니다. 이참에 계나 묻을까요? 번뇌계.,80
449,이보게 김씨!,80
450,저는 그럼...,80
451,무슨 일인가?,80
452,박종철군 사건. 진상규명 요구하는 성명을 발표하신다구요?,80
453,내일이네.,80
454,고문 경관이 더 있을 거라는 얘기는 빼주시지요.,80
455,한 조가 다섯 명인 건 당해본 사람은 다 아는 얘기 아닌가?,80
456,경계가 심해져서 신상 정보를 빼내기가 어려워집니다.,80
457,빼낼 방법은 있고?,80
458,영등포에 수감된 부영이가 애쓰는 중인데...,80
459,"거기 보안계장이 앉은 자리에 풀도 안날 양반이라, 교도관도 접근 불가랍니다.",80
460,때를 놓치는 것보단 대충이라도 터뜨리는 게 낫지 않겠나?,80
461,"저 나무, 누가 죽였는지 아십니까?",80
462,제가 죽였습니다. 마음이 급해서 대충 심었거든요.,80
463,"고문 살인범들 소속. 계급, 이름... 명명백백한 진실이",80
464,아니면 싸우나마나 집니다.,80
465,가능.. 할까?,80
466,"인권 변호사들이 구속된 경관 가족들, 설득 중입니다. 우리쪽 변호사가 선임되면.",80
467,의외로 쉽게...,80
468,아저씨!,80
469,연희구나.,80
470,"외삼촌이, 기다리는 소식 못 드려서 죄송하대요.",80
471,아. 그래...,80
472,불공 드릴 복장은 아니고...,80
473,응?,80
474,아-. 신부님이 수괴구나?,80
475,한병용 교도관 외조캅니다.,80
476,자수해서 광명 찾으세요~.,80
477,여보...,80
478,대체 이게 무슨 변고니... 흑흑...,80
479,걱정 마요. 엄마... 별 일 아니에요.. 흑흑..,80
480,사람 죽여 놓고 별 일 아니라고? 내가 이놈아!,80
481,널 어떻게 키웠는데 사람을 죽인단,80
482,말이냐!,80
483,아버지! 억울합니다! 진짜 억울합니다.... 흑흑...,80
484,억울해? 뭐가 억울해? 말해 봐!,80
485,전.. 다리만 잡았어요.,80
486,"죽인 사람들, 따로 있다구요!",80
487,끌어내!,80
488,저 아니예요! 아버지! 저 아니라구요. 믿어주세요!,80
489,면회 규정을 준수해 주십시오.,80
490,한 번만 더 이딴 거 써봐. 교도소 통째로 날려버린다.,80
491,문제가 생겼습니다.,80
492,... 치우라우.,80
493,이런 법이 어딨어요!,80
494,이런 법이! 누구 맘대로 이사를... 흑흑...,80
495,교도소가 시끄럽다면서요?,80
496,"... 구속된 요원들, 과실치사로 바꿔주시라요.",80
497,"하늘이 도와서 간신히 껐는데, 불쏘시개를 넣자구요?",80
498,약속을 지켜야디 말썽이 없습네다.,80
499,조무래기도 관리 못하면서 나랏일은 도대체 어떻게 하십니까?,80
500,재판은 무기한 연기시켜 드리죠.,80
501,알아서 처리하세요.,80
502,박처장.,80
503,각하께서 심려가 크십니다.,80
504,보안계장입니다. ... 지금 가겠네.,80
505,안녕하십니까.,80
506,오랜만입니다. 계장님.,80
507,면담 신청하셨다구요. 불편하신 거라도 있습니까?,80
508,요즘 경찰들 때문에 퇴근도 제대로 못하신다면서요?,80
509,"교도 행정과 상관없는 얘깁니다. 불만사항, 말씀하시죠.",80
510,고문 경찰이 더 있다는 소문. 사실입니까?,80
511,불만사항 없으시면 면담 종료하겠습니다. 이왕 오셨으니 쉬다 가십시오.,80
512,공범이 되시겠습니까?,80
513,제 일이 가두고 지키는 겁니다.,80
514,공무원은 직무상 얻은 정보를 누설할 수 없습니다.,80
515,진실은 감옥에 가둘 수 없습니다!,80
516,정미야~,80
517,아쭈?,80
518,의대생들이랑 미팅한다고 때 빼고 광냈구나?,80
519,어때? 괜찮지?,80
520,화장이 좀...,80
521,고문살인! 자행하는!,80
522,군부독재! 타도하자!,80
523,애국 시민 여러분! 오늘 조계사에서! 고 박종철 열사 사십구제가 열리고!,80
524,고문 추방 국민 대행진이 시작됩니다! 모두 모입시다!,80
525,박수치며) 박종철을!,80
526,(박수 치면서 행진한다) 살려내라! 박종철을 살려내라!,80
527,꺅!,80
528,확 그냥! 기록 남기지 말라니까.,80
529,형사들 진술이 엇갈 리가 확인할라꼬.,80
530,피해자 손을 뒤로 돌리가 수갑을 채웠다깼는,80
531,데... 피해자 손목에 수갑 흔적이 없었거든? 수갑을 채운 기 맞나?,80
532,"어차피 과실치산데, 뭔 상관이요?",80
533,대충 합시다.,80
534,과실치사? 니는 가혹행위치사죄야. 고문치사!,80
535,죄목 변경.. 안 됐습니까?,80
536,씨나락 까묵는 소리하고 자빠짓네.,80
537,"니는 반성 안 하모, 15년 때린다카이!",80
538,진술 똑바로 몬하나!,80
539,내가 안 죽였어.,80
540,뭐... 뭐?...,80
541,귓구멍 막혔냐?,80
542,죽인 놈 따로 있다고!,80
543,이... 이라믄 안 되는데...?,80
544,씨발...,80
545,뭐라카노? 니 방금 욕했제!,80
546,조반장!!!,80
547,와 이라노?,80
548,"영감님, 다음에 합시다. 다음에. 응?",80
549,박 처장한테 약속 지키라고 하세요.,80
550,뭐 이 새끼야? 뜨거운 맛 보고싶어?,80
551,뜨거운 맛은...,80
552,쟤들이 봐야죠.,80
553,"아이, 반장님. 왜 이러십니까?...",80
554,죽인 건 니들이잖아. 아냐?,80
555,이 새끼. 잡아!!!,80
556,동작 그만!!!,80
557,니들 모가지. 내 혀끝에 달렸어. 잘 생각해라.,80
558,면회 끝! 시마이!,80
559,"야, 간수!",80
560,저 새끼도 벌방에 가둬.,80
561,"이 개새끼들아. 나한테도 인권 있어! 변호사 불러, 변호사!",80
562,변호사 불러주라고!! 안 계장~ 변호사! 안 계장!,80
563,"계장님, 우리가 왜 경찰 명령에 복종합니까? 예?",80
564,변호사 선임권은 헌법이 보장한 권리잖아요. 매날 법! 규정!,80
565,"원칙 따지시는 분이,",80
566,이래도 됩니까. 예?,80
567,...살만 하네?,80
568,몰라서 묻습니까?,80
569,"조총령 명단 빼겠다고 강도짓 해서, 일본 형무소에 갇힌 적 있다",80
570,면서요?,80
571,1년 반 있었다. 옛날 생각 나누만.,80
572,감옥이란 데가 말입니다.,80
573,생각할 시간이 좆나게 많아서 돌아버리겠습니다.,80
574,신나는 생각만 하는 기야.,80
575,"백만, 천만... 1억...!",80
576,이걸로 제 인생 15년을 버리라구요?,80
577,이달 안에 빼주십쇼.,80
578,"각하께서... 후계자에게 정권 물려주시고 나무, 특사가 있을끼야.",80
579,내년까지 기다려라?,80
580,제가 한두번 속았습니까? 어차피 이판사판...,80
581,양심선언해서 형량이라도 줄일랍니다.,80
582,지금이 중차대한 시기다. 애국자답게...,80
583,"그놈에 애국자, 애국자!",80
584,여기서! 하루도 편히 자본 적 없습니다.,80
585,이 손... 이 손으로 때려잡은,80
586,사람들 비명소리가! 머릿속을 빙빙 돌아요. 우리가... 애국잡니까?,80
587,간나 새끼!,80
588,처.. 처장님...,80
589,"선택하라우. 애국자네, 월북자네?",80
590,바.. 받들겠습니다... 받들겠습니다!!!,80
591,처장님!,80
592,교도소 규정을 준수해주십시오!,80
593,규정에 따라 면회인은...,80
594,재소자와... 신체 접촉을 할 수 없으며...,80
595,애쓴다.,80
596,아이 씨! 나 원래 절대 안 걸리는데.,80
597,야 내가 운동권처럼 보여?,80
598,오늘은 웬지... 딱 운동권이네.,80
599,너 구해준 흑기사랑 잘 어울리겠다.,80
600,"어? 아... 그 오빠, 운동권 아니라니까?",80
601,오빠? 정신차려 이년아. 어차피 다시 만나도 니 얼굴 기억 못해. 뭐.,80
602,화장 번진 얼굴은 기억하겠네.,80
603,침 발라,80
604,줄까?,80
605,야! 하지 마!,80
606,"그러니까, 너도 이런 거 하나 하고 다녀.",80
607,절대 안 잡혀. 청순해 보이잖아.,80
608,"아이씨, 왜 다들 가슴을 책으로 가리고 지랄이야.",80
609,빈약하면 뽕을 넣든가.,80
610,야!,80
611,저 오빠야,80
612,"어머, 어머! 얘! 저 정도 얼굴이면 간첩이라도 사귀겠다",80
613,"어뜩해, 어뜩해.",80
614,알아봤나봐.,80
615,신입생이죠?,80
616,예.,80
617,말 편하게 하세요. 어차피 구면인데...,80
618,네? 어?... 어 그런가?,80
619,이따 우리 동아리에서 비디오 상영회하는데... 올래?,80
620,... 예?,80
621,끝나고 캐리커처도 그려줄거야.,80
622,갈게요.,80
623,어머나! 운동화 이쁘네요.,80
624,아.. 그래? 싼 건데.. 고마워.,80
625,이따 보자!,80
626,푸하하하.,80
627,"몰라, 몰라. 전혀 몰라.",80
628,어뜩해.,80
629,"싼 거래, 싼 거!",80
630,잠깐만!,80
631,지금부터 만화사랑 동아리에서 주최하는 비디오 상영회를 시작하겠습니다.,80
632,무슨 영화예요?,80
633,"영화 아니고 다큐예요. 외국에서 만든. 여러분들, 광주사태 알죠?",80
634,"고등학교에서 그렇게 배웠죠? 여기, 진실이 담겨있습니다.",80
635,.. 나두 처음엔 끝까지 못봤어.,80
636,너무 떨려서.. 가슴이...,80
637,만화 동아리에서 그런 걸 왜 보여줘요? 어쩌자는 건데요?!!!,80
638,총 가진 군인들하고 싸울 거예요?,80
639,뭘루 싸울건데?,80
640,"그러다 또 사람 죽으면, 누가 책임지냐구요!!!",80
641,스물두 명 따서 돌리는데... 김정남 은신처를 아는 놈이 없는 것 같습니다.,80
642,"보따리 터질까봐, 슬렁슬렁했드랬네?!",80
643,죄송한 말씀입니다만... 요원들 사기가 예전 같지 않아서...,80
644,대공 처장입네다.,80
645,... 알갓습네다.,80
646,"각하께서 김정남 보따리, 기다리십니다.",80
647,"마지막 기횐 거, 아시죠?",80
648,다 풀어주라우.,80
649,예...?,80
650,"처장님, 이럴 때일수록 빨리 공을 세워야...",80
651,"내래, 리북 살 때 숫캐를 키웠댔디. 갸래, 뻑하믄 사라지는 기야.",80
652,기칼 때마다 어찌 찾았는디 알간?,80
653,발정난 암캐 몰고 산보 다녔디. 기카믄 개구멍에 박혀있던 숫캐가 침,80
654,흘리믄서 기 나완.,80
655,"... 본인은 임기 중 개헌이 불가능하다고 판단하고 현행 헌법에 따라,",80
656,"내년 2월 25일 본인의 임기 만료와 더불어, 후임자에게 정부를 이양할 것을",80
657,천명하는 바입니다...,80
658,이제 아니 기어 나올 수 없을기야.,80
659,"암캐들 다 풀어줘서리, 몰고 다니라우.",80
660,받들겠습니다!,80
661,... 이와 함께 본인은 평화적인 정부이양과 서울 올림픽이라는 양대 국가 대,80
662,사를 ...,80
663,씨발!!!,80
664,부장!,80
665,저건 독재 연장 선언입니다!,80
666,... 성공적으로 치르기 위해서 국론을 분열시키고 국력을 낭비하는 소모적인,80
667,개헌 논의를 지양할 것을 선언합니다.,80
668,"... 본인의 이 결단은 오늘의 난국을 타개하고 국가 목표를 수행하는데,",80
669,현실적으로 최선의 길이라는 판단에 따른 것으로써...,80
670,이기.. 우째 되는 깁니까?,80
671,좆나게 바빠지것다. 후...,80
672,... 국민 여러분께 전폭적인 호응과 신뢰를 보내주실 것을 간곡히 당부하고자,80
673,합니다.,80
674,아줌마!,80
675,소주 한병!,80
676,"변호사님, 한 시간 뒤에 재판이...",80
677,연기하라 그래!!!,80
678,...두 가지의 국가적 대사를 완수한 후에 충분한 시간을 두고 개헌 문제를,80
679,다시 생각한다면 나라의 백년대계를 위한 좋은 방안이 발견될 수 있을 것,80
680,으로 본인은 확신하는 바입니다.,80
681,개새끼들... 7년을 더 해먹겠다고...,80
682,뭐하려고?,80
683,뭐라도 해야죠.,80
684,같이 하자.,80
685,상호야! 등사기!,80
686,"스님, 잠시 나갔다 와야겠습니다.",80
687,... 본인은 오늘 여러분에게 밝힌 결단에 따라 앞으로 평화적 정부이양을,80
688,위한 정치일정을 신속하게 진행시켜 나아가야만 합니다.,80
689,뭣들 하는거야! 교대 안해?!,80
690,... 새 봄을 맞아 국민 여러분과 여러분의 가정에 건강과 행복이 깃들기를,80
691,기원합니다.,80
692,내래... 니들 총알받이가 되갓어.,80
693,아무 걱정말고서리... 청와대 먹갓다고 설치는,80
694,"빨갱이들, 싸그리 격멸하라우.",80
695,멸! 공! 방! 첩!,80
696,사천 팔백 칠십 구번!,80
697,"사천팔백칠십구번, 면담 준비!",80
698,여깁니다.,80
699,제가 할 수 있는 건 여기까지ㅂ니다.,80
700,기상 시간 전에 끝내셔야 됩니다.,80
701,저... 저요?,80
702,저도 공무원입니다. 법무부..,80
703,간수네?,80
704,생긴 건 영락없이...,80
705,죄수죠?,80
706,하하...,80
707,생긴 게 이래서 이거... 맨날 거리네요?,80
708,허허허..,80
709,통과.,80
710,수고하십쇼!,80
711,암캐 6호가 방금 절에 들렀다 나왔습니다.,80
712,절?,80
713,김정남 집안은 천주교잖아?,80
714,그게 이상해서...,80
715,들어가서 확인해.,80
716,후문 맡아.,80
717,보고부터 하시죠. 우리끼리 덮치다가...,80
718,죽 쒀서 개 줄래?,80
719,"보따리 터진 거, 반까이 하자.",80
720,그림자 발견!,80
721,그림자 별견! 진입 요망!,80
722,뒤요! 노가다 복장!,80
723,넘어 가!,80
724,그림자 위치보고!,80
725,"확인 불가, 확인 불가!",80
726,죄송합니다...,80
727,처장님!,80
728,"다행입니다. ... 예, 어떻게든 전달해야죠.",80
729,엄마는?,80
730,계모임.,80
731,"예? 아, 거기요. 알죠.",80
732,남학생은 위험해서...,80
733,"할 수 없지, 뭐...",80
734,왜?,80
735,연희야... 글...,80
736,안 해.,80
737,"중요한거야. 꼭, 알려야 돼.",80
738,"알려서 뭐할건데, 외삼촌만 다쳐.",80
739,"아냐, 사람들이 도와줄거야.",80
740,우리 아빠 왜 돌아가셨는지 몰라?,80
741,밀린 월급 받자고 부추긴 사람,80
742,"들, 다 도망갔잖아!",80
743,"매형은! 당연히 해야 될 일, 한거야.",80
744,애초에 월급 안 준 사장을 탓해야지!,80
745,"아빠가 사장 때문에 못 먹는 술, 드셨어? 사람들한테 상처받아서 그런 거잖아!",80
746,"그건 그냥, 교통사고였어. 그 사람들 잘못이 아니라고!",80
747,웃기지 마. 그 사람들이 도망만 안갔어도! 아빠 안 돌아가셨어.,80
748,이딴 거 필요 없어.,80
749,삼백오십 원.,80
750,외삼촌은?,80
751,있겠지.,80
752,병용아! 병용아!,80
753,밖에 물건 좀 들여놓자.,80
754,비 올거 같애.,80
755,"니들, 싸웠니?",80
756,싸우긴...,80
757,너는 애가... 외삼촌이 아빠 대신이라고 몇 번을 말해?,80
758,기집애가 꼬박꼬박 말대꾸 하니까 싸우지!,80
759,"잘났어, 증말...",80
760,악! 왜.. 왜 이러... 윽!,80
761,저도 공무원입니다. 공무원!,80
762,아가리 닥쳐라!,80
763,병용아! 외삼촌!,80
764,괜찮아.,80
765,"... 괜찮아, 누나....",80
766,"교도소에 서리... 우리 요원들, 본 적 있네?",80
767,지나가는 거 몇 번...,80
768,봤습니다...,80
769,"너래, ... 김정남이 알간?",80
770,모..모릅니다.,80
771,"김정남이가 말이디, 김일성이한테 공작금 받아서리, 야당 것들하고 나눠 썼댔구나?",80
772,길티?,80
773,모..모릅니다! 그런 사람!,80
774,"모른다믄서, 와 놀라는기야?",80
775,...,80
776,돌리라우.,80
777,야 간수! 여기 재수 옴 붙은 방이거든?,80
778,언능 끝내고 나가자~ 뒈지기 전에?!,80
779,경찰서 또 가서 뭐해?,80
780,대답도 안해준다며!,80
781,어떻게든 찾아야지. 가게 보고 있어.,80
782,"어딨는지 알면, 외삼촌 풀어준대?",80
783,뭐든 해야지!!!,80
784,넌 걱정도 안되니?,80
785,병용이가 널 어떻게 키웠는데...,80
786,모진 년.,80
787,엄.. 엄마...,80
788,석간이요!,80
789,창진아 엄마 왔다! 창진아!,80
790,우리 아들 고문하지 마! 고문하지 말라고! 흑흑흑...,80
791,진수야~ 진수야!,80
792,"비켜, 이눔들아! 선희야! 애비다!",80
793,병용아! 누나 왔다~! 병용아~,80
794,당신 뭐야? 깡패야? 깡패냐고!!!,80
795,엄마...,80
796,엄마! 엄마!,80
797,연희야! 연희야!,80
798,여보세요?,80
799,연희야... 흑흑...,80
800,엄마...? 왜 그래? 무슨 일 있어?,80
801,병용이가... 남영동에 끌려갔대.,80
802,서울대생 죽인 데... 흑흑...,80
803,일곱바퀴 돌렸는데도... 입을 안엽니다.,80
804,"고저, 썩어지게 버티는구나.",80
805,신상 자료 개꼬 오라우.,80
806,저거이 뭐이네?,80
807,우리 외삼촌... 고문 안 당하게 해주세요.,80
808,신부님. 마침내 비둘기가 날아왔습니다.,80
809,비둘기가 헐벗었구려. 허허허.,80
810,목사님 기도빨이 무지하게 필요합니다.,80
811,무릎팍이 까질 때까지 기도하겠습니다.,80
812,고맙습니다.,80
813,몸조심하게.,80
814,함께 하지 못해서 죄송합니다.,80
815,어디서 오셨습니까?,80
816,부수라우.,80
817,이곳은 하나님의 성전입니다. 당장 나가세요!,80
818,나가세요!,80
819,빨리 나가!,80
820,째껴!,80
821,호헌철폐! 독재타도! 호헌철폐! 독재타도!,80
822,한열아~ 이한열!,80
823,"저희 정의구현 사제단은 5.18 7주기를 맞아, 성스러운 하느님 성전에서 구속을",80
824,불사한 중대 성명을 발표하겠습니다.,80
825,"고 박종철군 고문치사 사건의 진상은 은페, 조작되었다.",80
826,박종철군을 직접 고문하여 죽음에 이르게 한 진짜 범인은...,80
827,...대한 사람 대한으로 길이 보전하세~.,80
828,"야, 박종철. 여기 남영동이야. 너 하나 죽어나가도 아무 일 안 생기거든?",80
829,종운이 어딨어?,80
830,4절 가자.,80
831,이 기상과~!,80
832,이 맘으로 충성을 다하여~ 괴로우나 즐거우나...,80
833,무전기 줘. 빨리!,80
834,울컥 울음이 터진 한병용. 끅끅 흐느낀다.,80
835,대책회의를 본부장실에서 합네까?,80
836,.. 알갓습네다.,80
837,차 돌려. 청와대로.,80
838,... 태우라우.,80
839,"어이, 황 경위! 오랜만이야?",80
840,국장님께서... 웬 일이십니까?,80
841,니들 뭐야!,80
842,이거 안 놔?,80
843,내가 눈군 줄 알아?,80
844,놔!,80
845,과장님! 고문 경관이 다섯 명인걸 아셨습니까?,80
846,난 모르는 일이요!,80
847,"조직적인 축소, 은폐가 있었습니까?",80
848,그런 일 없어! 몰랐다니까!,80
849,처장님! 감옥에 있는 경찰들한테 2억원 주셨죠?,80
850,"가족 증언 확보했습니다. 은페 조작, 인정하시죠.",80
851,준비됐습니다.,80
852,아따메~ 욕 쪼까 보시는구마잉... 밥들은 자셨소?,80
853,거기서!,80
854,총 버려!,80
855,"아이고... 박 처장. 경비가 삼엄하죠? 시국이 어수선하니까, 객기 부리는",80
856,놈들이 많아서 걱정입니다.,80
857,내래 평생을 ...,80
858,평생을!!!,80
859,"알죠, 알아...",80
860,"애국자지, 진짜 애국자!",80
861,...,80
862,당신이나 나나 고생 많았잖아요?!,80
863,각하께 부담주지 말고 조용히 떠납,80
864,시다.,80
865,애국하는 마음으로...,80
866,부장! 전국이 전쟁텁니다.,80
867,다 카바하기 어렵겠는데요?,80
868,"주요 대학하고, 광장만 카바하라 그래!",80
869,"6시에 교회, 사찰, 성당 종치고, 차량들 경적 울린다니까, 그림 확실하게 만들어 와!",80
870,예!,80
871,석간이요!,80
872,정미가 가르쳐 줘서...,80
873,왜 왔어요?,80
874,"너, 포섭하러 왔지.",80
875,우리 동아리 들어와.,80
876,정미도 가입했어.,80
877,우리 동아리에서 만든거야.,80
878,"우리 학교 학생들, 수업거부하고 시내에서 모이기로 했거든? 같이 가자.",80
879,가서 뭐하는데요?,80
880,그런다고 세상이 바뀌어요?,80
881,"아무것도 안하면, 아무것도 안 바뀌어.",80
882,"왜 그렇게 다들 잘났어요, 정말?! 가족들 생각은 안해요?!",80
883,그날 같은 건 안 와요. 꿈꾸지 말고 정신 차리세요.,80
884,"..그래, 그러고 싶은데. 그게 안돼... 마음이 너무 아파.",80
885,가세요.,80
886,... 갈게.,80
887,연희야~!,80
888,마음 바뀌면 전화해!,80
889,누이 옆에 선 종간나 보이디? 고거 이름이 동이야.,80
890,"보릿고개 때 다 죽어가는 거, 우리 오마니가 거둬간, 장가도 보냈디.",80
891,고거래 골,80
892,"돌리는 기 신묘해서리, 우리 아바이가 식구로 삼았어야. 내래, 고거를 형님으로",80
893,모셨더랬디.,80
894,"기캣는데 말이디... 김일성이가 리북에 들어오니끼니, 고거래 민주주의",80
895,하갓다고 완장차고 설쳐대드만.,80
896,고 간나 새끼가 우리 집에 인민군 끌고와서리 뭐랬,80
897,는지 알간?,80
898,"인민의 적! 악질 지주, 반동분자를 지옥으로 보내자우!!!",80
899,"고거래, 총알도 아깝다믄서... 우리 아바이 가슴에 말이야. 죽창을 찔렀댔어.",80
900,"내레, 대청마루 밑에 숨어서리, 다 봤디.",80
901,"이보라우. 내래, 고때라도 기 나갔으면 우리 오마니, 살렸갓네? ...",80
902,"누이 목숨은 살렸을기야, 나 대신 죽었으니끼니...",80
903,지옥이 뭔지 알간?,80
904,"내 식구들이 죽어나가는 판에, 손가락 하나 까딱",80
905,못하고 소리 한번 못치는 거... 고거이 바로 지옥이디.,80
906,어찌 하간?,80
907,그대여 힘이 돼 주오.,80
908,나에게 주어진 길 찾을 수 있도록.,80
909,그대여 길을 터 주오. 가리워진 나의 길을...,80
910,아 짧았던 내 젊음도 헛된 꿈이 아니었으리,80
911,그날이 오면,80
912,그날이 오면,80
913,내 형제 그리운 얼굴들 그 아픈 추억도,80
914,아 피맺힌 그 기다림도 헛된 꿈이 아니었으리,80
915,그날이 오면,80
916,그날이 오면.,80
